 
****************************************
Report : constraint
        -all_violators
Design : CMB
Version: N-2017.09-SP4
Date   : Tue Jun 26 18:17:05 2018
****************************************

	Parasitic source    : LPE
	Parasitic mode      : RealRC
	Extraction mode     : MIN_MAX
	Extraction derating : 25/25/25

   max_delay/setup ('reloj' group)

                             Required        Actual
   Endpoint                 Path Delay     Path Delay        Slack
   -----------------------------------------------------------------
   inst_controller/maq_core/Data_Read_core_reg_20_/D
                               52.30          53.97 r        -1.68  (VIOLATED)
   inst_controller/maq_core/Data_Read_core_reg_19_/D
                               52.30          53.94 r        -1.63  (VIOLATED)
   inst_controller/maq_core/Data_Read_core_reg_16_/D
                               52.30          53.72 r        -1.42  (VIOLATED)
   inst_controller/maq_core/Data_Read_core_reg_22_/D
                               52.30          53.65 r        -1.35  (VIOLATED)
   inst_controller/maq_core/Data_Read_core_reg_14_/D
                               52.30          53.65 r        -1.35  (VIOLATED)
   inst_controller/maq_core/Data_Read_core_reg_28_/D
                               52.31          53.66 r        -1.35  (VIOLATED)
   inst_controller/maq_core/Data_Read_core_reg_21_/D
                               52.31          53.62 r        -1.32  (VIOLATED)
   inst_controller/maq_core/Data_Read_core_reg_27_/D
                               52.31          53.62 r        -1.31  (VIOLATED)
   inst_controller/maq_core/Data_Read_core_reg_29_/D
                               52.32          53.58 r        -1.27  (VIOLATED)
   inst_controller/maq_core/Data_Read_core_reg_4_/D
                               52.30          53.55 r        -1.25  (VIOLATED)
   inst_controller/maq_core/Data_Read_core_reg_23_/D
                               52.31          53.54 r        -1.23  (VIOLATED)
   inst_controller/maq_core/Data_Read_core_reg_24_/D
                               52.31          53.51 r        -1.20  (VIOLATED)
   inst_controller/maq_core/Data_Read_core_reg_26_/D
                               52.31          53.51 r        -1.20  (VIOLATED)
   inst_controller/maq_core/Data_Read_core_reg_30_/D
                               52.31          53.48 r        -1.17  (VIOLATED)
   inst_controller/maq_core/Data_Read_core_reg_17_/D
                               52.30          53.45 r        -1.15  (VIOLATED)
   inst_controller/maq_core/Data_Read_core_reg_5_/D
                               52.30          53.41 r        -1.11  (VIOLATED)
   inst_controller/maq_core/Data_Read_core_reg_6_/D
                               52.31          53.36 r        -1.05  (VIOLATED)
   inst_controller/maq_core/Data_Read_core_reg_18_/D
                               52.30          53.34 r        -1.04  (VIOLATED)
   inst_controller/maq_core/Data_Read_core_reg_11_/D
                               52.31          53.33 r        -1.02  (VIOLATED)
   inst_controller/maq_core/Data_Read_core_reg_12_/D
                               52.32          53.32 r        -1.01  (VIOLATED)
   inst_controller/maq_core/Data_Read_core_reg_31_/D
                               52.31          53.30 r        -0.99  (VIOLATED)
   inst_controller/maq_core/Data_Read_core_reg_13_/D
                               52.31          53.29 r        -0.98  (VIOLATED)
   inst_controller/maq_core/Data_Read_core_reg_9_/D
                               52.31          53.27 r        -0.96  (VIOLATED)
   inst_controller/maq_core/Data_Read_core_reg_0_/D
                               52.31          53.21 r        -0.90  (VIOLATED)
   inst_controller/maq_core/Data_Read_core_reg_15_/D
                               52.31          53.19 r        -0.88  (VIOLATED)
   inst_controller/maq_core/Data_Read_core_reg_1_/D
                               52.31          53.19 r        -0.88  (VIOLATED)
   inst_controller/maq_core/Data_Read_core_reg_7_/D
                               52.31          53.19 r        -0.88  (VIOLATED)
   inst_controller/maq_core/Data_Read_core_reg_10_/D
                               52.31          53.18 r        -0.87  (VIOLATED)
   inst_controller/maq_core/Data_Read_core_reg_8_/D
                               52.31          53.17 r        -0.86  (VIOLATED)
   inst_controller/maq_core/Data_Read_core_reg_25_/D
                               52.32          53.14 r        -0.82  (VIOLATED)
   inst_controller/maq_core/Data_Read_core_reg_3_/D
                               52.31          53.07 r        -0.76  (VIOLATED)
   inst_controller/maq_core/Data_Read_core_reg_2_/D
                               52.32          52.80 r        -0.48  (VIOLATED)


   min_delay/hold ('reloj' group)

                             Required        Actual
   Endpoint                 Path Delay     Path Delay        Slack
   -----------------------------------------------------------------
   memoria/A[2]                 4.58           4.26 f        -0.32  (VIOLATED)
   memoria/A[4]                 4.57           4.28 f        -0.29  (VIOLATED)
   memoria/A[7]                 4.58           4.29 f        -0.29  (VIOLATED)
   memoria/A[0]                 4.58           4.29 f        -0.29  (VIOLATED)
   memoria/A[6]                 4.58           4.30 f        -0.27  (VIOLATED)
   memoria/A[5]                 4.58           4.31 f        -0.27  (VIOLATED)
   memoria/A[8]                 4.57           4.30 f        -0.27  (VIOLATED)
   memoria/A[9]                 4.58           4.31 f        -0.27  (VIOLATED)
   memoria/A[3]                 4.58           4.32 f        -0.25  (VIOLATED)
   memoria/A[1]                 4.58           4.32 f        -0.25  (VIOLATED)
   memoria/A[10]                4.58           4.35 f        -0.23  (VIOLATED)


   max_transition

                             Required        Actual
   Net                      Transition     Transition        Slack
   -----------------------------------------------------------------
   inst_controller/maq_core/lt_89_G5/n1310
                                5.48          13.65          -8.18  (VIOLATED)
       PIN :   inst_controller/maq_core/lt_89_G5/U681/A
                                6.12          13.65          -7.54  (VIOLATED)
       PIN :   inst_controller/maq_core/lt_89_G5/U681/E
                                6.12          13.65          -7.54  (VIOLATED)
       PIN :   inst_controller/maq_core/lt_89_G5/U688/Q
                                5.48          13.65          -8.18  (VIOLATED)
   inst_controller/fifo_int/n19
                                5.40          10.65          -5.25  (VIOLATED)
       PIN :   inst_controller/fifo_int/U61/B
                                6.12          10.65          -4.54  (VIOLATED)
       PIN :   inst_controller/fifo_int/U54/B
                                6.12          10.65          -4.54  (VIOLATED)
       PIN :   inst_controller/fifo_int/U48/B
                                6.12          10.65          -4.54  (VIOLATED)
       PIN :   inst_controller/fifo_int/U41/B
                                6.12          10.65          -4.54  (VIOLATED)
       PIN :   inst_controller/fifo_int/U38/B
                                6.12          10.65          -4.54  (VIOLATED)
       PIN :   inst_controller/fifo_int/U37/B
                                6.12          10.65          -4.54  (VIOLATED)
       PIN :   inst_controller/fifo_int/U36/B
                                6.12          10.65          -4.54  (VIOLATED)
       PIN :   inst_controller/fifo_int/U32/B
                                6.12          10.65          -4.54  (VIOLATED)
       PIN :   inst_controller/fifo_int/U69/B
                                6.12          10.65          -4.54  (VIOLATED)
       PIN :   inst_controller/fifo_int/U68/B
                                6.12          10.65          -4.54  (VIOLATED)
       PIN :   inst_controller/fifo_int/U67/B
                                6.12          10.65          -4.54  (VIOLATED)
       PIN :   inst_controller/fifo_int/U66/B
                                6.12          10.65          -4.54  (VIOLATED)
       PIN :   inst_controller/fifo_int/U65/B
                                6.12          10.65          -4.54  (VIOLATED)
       PIN :   inst_controller/fifo_int/U64/B
                                6.12          10.65          -4.54  (VIOLATED)
       PIN :   inst_controller/fifo_int/U63/B
                                6.12          10.65          -4.54  (VIOLATED)
       PIN :   inst_controller/fifo_int/U62/B
                                6.12          10.65          -4.54  (VIOLATED)
       PIN :   inst_controller/fifo_int/U90/B
                                6.12          10.65          -4.54  (VIOLATED)
       PIN :   inst_controller/fifo_int/U89/B
                                6.12          10.65          -4.54  (VIOLATED)
       PIN :   inst_controller/fifo_int/U84/B
                                6.12          10.65          -4.54  (VIOLATED)
       PIN :   inst_controller/fifo_int/U80/B
                                6.12          10.65          -4.54  (VIOLATED)
       PIN :   inst_controller/fifo_int/U77/B
                                6.12          10.65          -4.54  (VIOLATED)
       PIN :   inst_controller/fifo_int/U72/B
                                6.12          10.65          -4.54  (VIOLATED)
       PIN :   inst_controller/fifo_int/U71/B
                                6.12          10.65          -4.54  (VIOLATED)
       PIN :   inst_controller/fifo_int/U70/B
                                6.12          10.65          -4.54  (VIOLATED)
       PIN :   inst_controller/fifo_int/U106/A
                                6.12          10.65          -4.54  (VIOLATED)
       PIN :   inst_controller/fifo_int/U96/B
                                6.12          10.65          -4.54  (VIOLATED)
       PIN :   inst_controller/fifo_int/U95/B
                                6.12          10.65          -4.54  (VIOLATED)
       PIN :   inst_controller/fifo_int/U94/B
                                6.12          10.65          -4.54  (VIOLATED)
       PIN :   inst_controller/fifo_int/U93/B
                                6.12          10.65          -4.54  (VIOLATED)
       PIN :   inst_controller/fifo_int/U92/B
                                6.12          10.65          -4.54  (VIOLATED)
       PIN :   inst_controller/fifo_int/U91/B
                                6.12          10.65          -4.54  (VIOLATED)
       PIN :   inst_controller/fifo_int/U107/Q
                                5.40          10.65          -5.25  (VIOLATED)
   d_push[2]                    5.23           9.82          -4.60  (VIOLATED)
       PIN :   inst_controller/U70/Q
                                5.23           9.82          -4.60  (VIOLATED)
   inst_controller/maq_core/N92
                                5.28           9.05          -3.77  (VIOLATED)
       PIN :   inst_controller/maq_core/diode_1/A
                                6.12           9.05          -2.93  (VIOLATED)
       PIN :   inst_controller/maq_core/U1386/A
                                6.12           9.05          -2.93  (VIOLATED)
       PIN :   inst_controller/maq_core/U43/A
                                6.12           9.05          -2.93  (VIOLATED)
       PIN :   inst_controller/maq_core/U301/Q
                                5.28           9.05          -3.77  (VIOLATED)
   d_push[1]                    5.23           8.88          -3.66  (VIOLATED)
       PIN :   inst_controller/U69/Q
                                5.23           8.88          -3.66  (VIOLATED)
   inst_controller/maq_core/n286
                                5.30           8.73          -3.43  (VIOLATED)
       PIN :   inst_controller/maq_core/U57/D
                                6.12           8.73          -2.61  (VIOLATED)
       PIN :   inst_controller/maq_core/U365/Q
                                5.30           8.73          -3.43  (VIOLATED)
   inst_controller/maq_bus/n53
                                5.30           8.61          -3.31  (VIOLATED)
       PIN :   inst_controller/maq_bus/U223/C
                                6.12           8.61          -2.50  (VIOLATED)
       PIN :   inst_controller/maq_bus/U231/C
                                6.12           8.61          -2.50  (VIOLATED)
       PIN :   inst_controller/maq_bus/U230/C
                                6.12           8.61          -2.50  (VIOLATED)
       PIN :   inst_controller/maq_bus/U229/C
                                6.12           8.61          -2.50  (VIOLATED)
       PIN :   inst_controller/maq_bus/U228/C
                                6.12           8.61          -2.50  (VIOLATED)
       PIN :   inst_controller/maq_bus/U227/C
                                6.12           8.61          -2.50  (VIOLATED)
       PIN :   inst_controller/maq_bus/U226/C
                                6.12           8.61          -2.50  (VIOLATED)
       PIN :   inst_controller/maq_bus/U225/C
                                6.12           8.61          -2.50  (VIOLATED)
       PIN :   inst_controller/maq_bus/U224/C
                                6.12           8.61          -2.50  (VIOLATED)
       PIN :   inst_controller/maq_bus/U239/C
                                6.12           8.61          -2.50  (VIOLATED)
       PIN :   inst_controller/maq_bus/U238/C
                                6.12           8.61          -2.50  (VIOLATED)
       PIN :   inst_controller/maq_bus/U237/C
                                6.12           8.61          -2.50  (VIOLATED)
       PIN :   inst_controller/maq_bus/U236/C
                                6.12           8.61          -2.50  (VIOLATED)
       PIN :   inst_controller/maq_bus/U235/C
                                6.12           8.61          -2.50  (VIOLATED)
       PIN :   inst_controller/maq_bus/U234/C
                                6.12           8.61          -2.50  (VIOLATED)
       PIN :   inst_controller/maq_bus/U233/C
                                6.12           8.61          -2.50  (VIOLATED)
       PIN :   inst_controller/maq_bus/U232/C
                                6.12           8.61          -2.50  (VIOLATED)
       PIN :   inst_controller/maq_bus/U247/C
                                6.12           8.61          -2.50  (VIOLATED)
       PIN :   inst_controller/maq_bus/U246/C
                                6.12           8.61          -2.50  (VIOLATED)
       PIN :   inst_controller/maq_bus/U245/C
                                6.12           8.61          -2.50  (VIOLATED)
       PIN :   inst_controller/maq_bus/U244/C
                                6.12           8.61          -2.50  (VIOLATED)
       PIN :   inst_controller/maq_bus/U243/C
                                6.12           8.61          -2.50  (VIOLATED)
       PIN :   inst_controller/maq_bus/U242/C
                                6.12           8.61          -2.50  (VIOLATED)
       PIN :   inst_controller/maq_bus/U241/C
                                6.12           8.61          -2.50  (VIOLATED)
       PIN :   inst_controller/maq_bus/U240/C
                                6.12           8.61          -2.50  (VIOLATED)
       PIN :   inst_controller/maq_bus/U254/C
                                6.12           8.61          -2.50  (VIOLATED)
       PIN :   inst_controller/maq_bus/U253/C
                                6.12           8.61          -2.50  (VIOLATED)
       PIN :   inst_controller/maq_bus/U252/C
                                6.12           8.61          -2.50  (VIOLATED)
       PIN :   inst_controller/maq_bus/U251/C
                                6.12           8.61          -2.50  (VIOLATED)
       PIN :   inst_controller/maq_bus/U250/C
                                6.12           8.61          -2.50  (VIOLATED)
       PIN :   inst_controller/maq_bus/U249/C
                                6.12           8.61          -2.50  (VIOLATED)
       PIN :   inst_controller/maq_bus/U248/C
                                6.12           8.61          -2.50  (VIOLATED)
       PIN :   inst_controller/maq_bus/U108/Q
                                5.30           8.61          -3.31  (VIOLATED)
   d_push[5]                    5.23           8.43          -3.20  (VIOLATED)
       PIN :   inst_controller/U73/Q
                                5.23           8.43          -3.20  (VIOLATED)
   inst_controller/maq_core/n65
                                5.21           8.39          -3.18  (VIOLATED)
       PIN :   inst_controller/maq_core/Address_reg_reg_2_/RN
                                6.12           8.42          -2.30  (VIOLATED)
       PIN :   inst_controller/maq_core/Address_reg_reg_1_/RN
                                6.12           8.41          -2.29  (VIOLATED)
       PIN :   inst_controller/maq_core/Address_reg_reg_0_/RN
                                6.12           8.41          -2.30  (VIOLATED)
       PIN :   inst_controller/maq_core/H_reg_reg/RN
                                6.12           8.41          -2.29  (VIOLATED)
       PIN :   inst_controller/maq_core/B_reg_reg/RN
                                6.12           8.41          -2.29  (VIOLATED)
       PIN :   inst_controller/maq_core/Enable_reg_reg/RN
                                6.12           8.41          -2.29  (VIOLATED)
       PIN :   inst_controller/maq_core/csr_limit_error_reg/RN
                                6.12           8.41          -2.30  (VIOLATED)
       PIN :   inst_controller/maq_core/state_reg_0_/RN
                                6.12           8.41          -2.29  (VIOLATED)
       PIN :   inst_controller/maq_core/D_push_core_reg_27_/RN
                                6.12           8.39          -2.27  (VIOLATED)
       PIN :   inst_controller/maq_core/D_push_core_reg_18_/RN
                                6.12           8.41          -2.30  (VIOLATED)
       PIN :   inst_controller/maq_core/D_push_core_reg_6_/RN
                                6.12           8.39          -2.27  (VIOLATED)
       PIN :   inst_controller/maq_core/D_push_core_reg_2_/RN
                                6.12           8.39          -2.27  (VIOLATED)
       PIN :   inst_controller/maq_core/D_push_core_reg_72_/RN
                                6.12           8.41          -2.30  (VIOLATED)
       PIN :   inst_controller/maq_core/D_sys_core_reg_24_/RN
                                6.12           8.39          -2.27  (VIOLATED)
       PIN :   inst_controller/maq_core/Address_reg_reg_4_/RN
                                6.12           8.41          -2.29  (VIOLATED)
       PIN :   inst_controller/maq_core/Address_reg_reg_3_/RN
                                6.12           8.39          -2.27  (VIOLATED)
       PIN :   inst_controller/maq_core/Data_Read_core_reg_3_/RN
                                6.12           8.41          -2.29  (VIOLATED)
       PIN :   inst_controller/maq_core/Data_Read_core_reg_4_/RN
                                6.12           8.41          -2.29  (VIOLATED)
       PIN :   inst_controller/maq_core/Data_Read_core_reg_5_/RN
                                6.12           8.41          -2.29  (VIOLATED)
       PIN :   inst_controller/maq_core/watch_dog_reg_reg_5_/RN
                                6.12           8.39          -2.27  (VIOLATED)
       PIN :   inst_controller/maq_core/mtime_a_reg_27_/RN
                                6.12           8.39          -2.27  (VIOLATED)
       PIN :   inst_controller/maq_core/mtime_a_reg_21_/RN
                                6.12           8.39          -2.27  (VIOLATED)
       PIN :   inst_controller/maq_core/mtimecmp_b_reg_18_/RN
                                6.12           8.39          -2.27  (VIOLATED)
       PIN :   inst_controller/maq_core/mtimecmp_b_reg_30_/RN
                                6.12           8.39          -2.27  (VIOLATED)
       PIN :   inst_controller/maq_core/d_intr_error_reg_40_/RN
                                6.12           8.39          -2.27  (VIOLATED)
       PIN :   inst_controller/maq_core/d_intr_error_reg_53_/RN
                                6.12           8.39          -2.27  (VIOLATED)
       PIN :   inst_controller/maq_core/d_intr_error_reg_57_/RN
                                6.12           8.39          -2.27  (VIOLATED)
       PIN :   inst_controller/maq_core/Data_Write_reg_reg_13_/RN
                                6.12           8.41          -2.30  (VIOLATED)
       PIN :   inst_controller/maq_core/Data_Write_reg_reg_18_/RN
                                6.12           8.41          -2.30  (VIOLATED)
       PIN :   inst_controller/maq_core/Data_Write_reg_reg_25_/RN
                                6.12           8.39          -2.27  (VIOLATED)
       PIN :   inst_controller/maq_core/Data_Read_core_reg_0_/RN
                                6.12           8.41          -2.30  (VIOLATED)
       PIN :   inst_controller/maq_core/U15/Q
                                5.21           8.39          -3.18  (VIOLATED)
   inst_controller/maq_core/n73
                                5.21           8.23          -3.02  (VIOLATED)
       PIN :   inst_controller/maq_core/D_sys_core_reg_17_/RN
                                6.12           8.25          -2.13  (VIOLATED)
       PIN :   inst_controller/maq_core/D_sys_core_reg_23_/RN
                                6.12           8.25          -2.14  (VIOLATED)
       PIN :   inst_controller/maq_core/kp_wtng_reg/RN
                                6.12           8.25          -2.13  (VIOLATED)
       PIN :   inst_controller/maq_core/mtime_b_reg_28_/RN
                                6.12           8.25          -2.13  (VIOLATED)
       PIN :   inst_controller/maq_core/mtime_b_reg_10_/RN
                                6.12           8.24          -2.13  (VIOLATED)
       PIN :   inst_controller/maq_core/mtime_b_reg_9_/RN
                                6.12           8.24          -2.13  (VIOLATED)
       PIN :   inst_controller/maq_core/mtime_b_reg_8_/RN
                                6.12           8.24          -2.13  (VIOLATED)
       PIN :   inst_controller/maq_core/mtime_b_reg_3_/RN
                                6.12           8.25          -2.14  (VIOLATED)
       PIN :   inst_controller/maq_core/mtime_b_reg_2_/RN
                                6.12           8.25          -2.14  (VIOLATED)
       PIN :   inst_controller/maq_core/mtime_a_reg_30_/RN
                                6.12           8.23          -2.11  (VIOLATED)
       PIN :   inst_controller/maq_core/D_sys_core_reg_1_/RN
                                6.12           8.25          -2.14  (VIOLATED)
       PIN :   inst_controller/maq_core/watch_dog_reg_reg_15_/RN
                                6.12           8.26          -2.14  (VIOLATED)
       PIN :   inst_controller/maq_core/watch_dog_reg_reg_18_/RN
                                6.12           8.23          -2.11  (VIOLATED)
       PIN :   inst_controller/maq_core/watch_dog_reg_reg_19_/RN
                                6.12           8.23          -2.11  (VIOLATED)
       PIN :   inst_controller/maq_core/watch_dog_reg_reg_23_/RN
                                6.12           8.23          -2.11  (VIOLATED)
       PIN :   inst_controller/maq_core/watch_dog_reg_reg_27_/RN
                                6.12           8.23          -2.11  (VIOLATED)
       PIN :   inst_controller/maq_core/watch_dog_reg_reg_29_/RN
                                6.12           8.25          -2.14  (VIOLATED)
       PIN :   inst_controller/maq_core/watch_dog_reg_reg_31_/RN
                                6.12           8.25          -2.14  (VIOLATED)
       PIN :   inst_controller/maq_core/mtime_b_reg_31_/RN
                                6.12           8.24          -2.13  (VIOLATED)
       PIN :   inst_controller/maq_core/d_intr_error_reg_48_/RN
                                6.12           8.25          -2.14  (VIOLATED)
       PIN :   inst_controller/maq_core/d_intr_error_reg_43_/RN
                                6.12           8.25          -2.14  (VIOLATED)
       PIN :   inst_controller/maq_core/d_intr_error_reg_41_/RN
                                6.12           8.24          -2.12  (VIOLATED)
       PIN :   inst_controller/maq_core/d_intr_error_reg_37_/RN
                                6.12           8.26          -2.14  (VIOLATED)
       PIN :   inst_controller/maq_core/d_intr_error_reg_35_/RN
                                6.12           8.25          -2.13  (VIOLATED)
       PIN :   inst_controller/maq_core/watch_dog_reg_reg_4_/RN
                                6.12           8.25          -2.13  (VIOLATED)
       PIN :   inst_controller/maq_core/watch_dog_reg_reg_7_/RN
                                6.12           8.25          -2.13  (VIOLATED)
       PIN :   inst_controller/maq_core/watch_dog_reg_reg_10_/RN
                                6.12           8.25          -2.13  (VIOLATED)
       PIN :   inst_controller/maq_core/U14/A
                                6.12           8.23          -2.11  (VIOLATED)
       PIN :   inst_controller/maq_core/U13/A
                                6.12           8.23          -2.11  (VIOLATED)
       PIN :   inst_controller/maq_core/U12/A
                                6.12           8.23          -2.11  (VIOLATED)
       PIN :   inst_controller/maq_core/U10/A
                                6.12           8.23          -2.11  (VIOLATED)
       PIN :   inst_controller/maq_core/Data_Read_core_reg_2_/RN
                                6.12           8.25          -2.14  (VIOLATED)
       PIN :   inst_controller/maq_core/time_intr_reg/RN
                                6.12           8.23          -2.11  (VIOLATED)
       PIN :   inst_controller/maq_core/d_intr_error_reg_54_/RN
                                6.12           8.24          -2.13  (VIOLATED)
       PIN :   inst_controller/maq_core/U19/Q
                                5.21           8.23          -3.02  (VIOLATED)
   inst_controller/maq_core/n74
                                5.21           8.22          -3.01  (VIOLATED)
       PIN :   inst_controller/maq_core/Mem_en_core_reg/RN
                                6.12           8.22          -2.11  (VIOLATED)
       PIN :   inst_controller/maq_core/A_sys_core_reg_2_/RN
                                6.12           8.22          -2.11  (VIOLATED)
       PIN :   inst_controller/maq_core/D_sys_core_reg_11_/RN
                                6.12           8.22          -2.11  (VIOLATED)
       PIN :   inst_controller/maq_core/D_sys_core_reg_12_/RN
                                6.12           8.24          -2.13  (VIOLATED)
       PIN :   inst_controller/maq_core/D_sys_core_reg_16_/RN
                                6.12           8.22          -2.11  (VIOLATED)
       PIN :   inst_controller/maq_core/D_sys_core_reg_20_/RN
                                6.12           8.22          -2.11  (VIOLATED)
       PIN :   inst_controller/maq_core/D_sys_core_reg_22_/RN
                                6.12           8.22          -2.11  (VIOLATED)
       PIN :   inst_controller/maq_core/D_sys_core_reg_26_/RN
                                6.12           8.22          -2.11  (VIOLATED)
       PIN :   inst_controller/maq_core/D_sys_core_reg_28_/RN
                                6.12           8.22          -2.11  (VIOLATED)
       PIN :   inst_controller/maq_core/D_sys_core_reg_30_/RN
                                6.12           8.22          -2.11  (VIOLATED)
       PIN :   inst_controller/maq_core/D_push_core_reg_57_/RN
                                6.12           8.22          -2.11  (VIOLATED)
       PIN :   inst_controller/maq_core/D_push_core_reg_74_/RN
                                6.12           8.22          -2.11  (VIOLATED)
       PIN :   inst_controller/maq_core/D_push_core_reg_32_/RN
                                6.12           8.22          -2.11  (VIOLATED)
       PIN :   inst_controller/maq_core/D_push_core_reg_33_/RN
                                6.12           8.22          -2.11  (VIOLATED)
       PIN :   inst_controller/maq_core/D_push_core_reg_36_/RN
                                6.12           8.22          -2.11  (VIOLATED)
       PIN :   inst_controller/maq_core/D_push_core_reg_37_/RN
                                6.12           8.22          -2.11  (VIOLATED)
       PIN :   inst_controller/maq_core/D_sys_core_reg_0_/RN
                                6.12           8.24          -2.13  (VIOLATED)
       PIN :   inst_controller/maq_core/D_sys_core_reg_5_/RN
                                6.12           8.22          -2.11  (VIOLATED)
       PIN :   inst_controller/maq_core/mtimecmp_b_reg_26_/RN
                                6.12           8.22          -2.11  (VIOLATED)
       PIN :   inst_controller/maq_core/D_push_core_reg_40_/RN
                                6.12           8.22          -2.11  (VIOLATED)
       PIN :   inst_controller/maq_core/D_push_core_reg_41_/RN
                                6.12           8.22          -2.11  (VIOLATED)
       PIN :   inst_controller/maq_core/D_push_core_reg_42_/RN
                                6.12           8.22          -2.11  (VIOLATED)
       PIN :   inst_controller/maq_core/D_push_core_reg_45_/RN
                                6.12           8.22          -2.11  (VIOLATED)
       PIN :   inst_controller/maq_core/D_push_core_reg_49_/RN
                                6.12           8.22          -2.11  (VIOLATED)
       PIN :   inst_controller/maq_core/D_push_core_reg_55_/RN
                                6.12           8.22          -2.11  (VIOLATED)
       PIN :   inst_controller/maq_core/D_push_core_reg_56_/RN
                                6.12           8.22          -2.11  (VIOLATED)
       PIN :   inst_controller/maq_core/U20/A
                                6.12           8.22          -2.11  (VIOLATED)
       PIN :   inst_controller/maq_core/U19/A
                                6.12           8.22          -2.11  (VIOLATED)
       PIN :   inst_controller/maq_core/mtimecmp_b_reg_19_/RN
                                6.12           8.22          -2.11  (VIOLATED)
       PIN :   inst_controller/maq_core/mtimecmp_b_reg_20_/RN
                                6.12           8.22          -2.11  (VIOLATED)
       PIN :   inst_controller/maq_core/mtimecmp_b_reg_22_/RN
                                6.12           8.22          -2.11  (VIOLATED)
       PIN :   inst_controller/maq_core/mtimecmp_b_reg_24_/RN
                                6.12           8.22          -2.11  (VIOLATED)
       PIN :   inst_controller/maq_core/mtimecmp_b_reg_25_/RN
                                6.12           8.22          -2.11  (VIOLATED)
       PIN :   inst_controller/maq_core/U23/Q
                                5.21           8.22          -3.01  (VIOLATED)
   inst_controller/maq_core/n62
                                5.21           8.16          -2.95  (VIOLATED)
       PIN :   inst_controller/maq_core/RW_reg_reg/RN
                                6.12           8.17          -2.06  (VIOLATED)
       PIN :   inst_controller/maq_core/Data_Write_reg_reg_7_/RN
                                6.12           8.16          -2.05  (VIOLATED)
       PIN :   inst_controller/maq_core/Data_Write_reg_reg_6_/RN
                                6.12           8.17          -2.05  (VIOLATED)
       PIN :   inst_controller/maq_core/Data_Write_reg_reg_5_/RN
                                6.12           8.17          -2.05  (VIOLATED)
       PIN :   inst_controller/maq_core/Data_Write_reg_reg_4_/RN
                                6.12           8.18          -2.06  (VIOLATED)
       PIN :   inst_controller/maq_core/Data_Write_reg_reg_3_/RN
                                6.12           8.18          -2.07  (VIOLATED)
       PIN :   inst_controller/maq_core/Data_Write_reg_reg_2_/RN
                                6.12           8.16          -2.04  (VIOLATED)
       PIN :   inst_controller/maq_core/Data_Write_reg_reg_1_/RN
                                6.12           8.16          -2.05  (VIOLATED)
       PIN :   inst_controller/maq_core/D_push_core_reg_38_/RN
                                6.12           8.16          -2.04  (VIOLATED)
       PIN :   inst_controller/maq_core/D_sys_core_reg_2_/RN
                                6.12           8.16          -2.04  (VIOLATED)
       PIN :   inst_controller/maq_core/A_sys_core_reg_6_/RN
                                6.12           8.16          -2.04  (VIOLATED)
       PIN :   inst_controller/maq_core/A_sys_core_reg_7_/RN
                                6.12           8.16          -2.04  (VIOLATED)
       PIN :   inst_controller/maq_core/A_sys_core_reg_8_/RN
                                6.12           8.16          -2.04  (VIOLATED)
       PIN :   inst_controller/maq_core/A_sys_core_reg_9_/RN
                                6.12           8.16          -2.04  (VIOLATED)
       PIN :   inst_controller/maq_core/A_sys_core_reg_10_/RN
                                6.12           8.16          -2.04  (VIOLATED)
       PIN :   inst_controller/maq_core/A_sys_core_reg_0_/RN
                                6.12           8.16          -2.04  (VIOLATED)
       PIN :   inst_controller/maq_core/mtime_a_reg_20_/RN
                                6.12           8.16          -2.04  (VIOLATED)
       PIN :   inst_controller/maq_core/mtimecmp_b_reg_23_/RN
                                6.12           8.16          -2.04  (VIOLATED)
       PIN :   inst_controller/maq_core/mtimecmp_b_reg_31_/RN
                                6.12           8.16          -2.04  (VIOLATED)
       PIN :   inst_controller/maq_core/D_push_core_reg_26_/RN
                                6.12           8.16          -2.04  (VIOLATED)
       PIN :   inst_controller/maq_core/D_push_core_reg_17_/RN
                                6.12           8.18          -2.07  (VIOLATED)
       PIN :   inst_controller/maq_core/D_push_core_reg_5_/RN
                                6.12           8.16          -2.04  (VIOLATED)
       PIN :   inst_controller/maq_core/D_push_core_reg_1_/RN
                                6.12           8.16          -2.04  (VIOLATED)
       PIN :   inst_controller/maq_core/D_push_core_reg_53_/RN
                                6.12           8.16          -2.04  (VIOLATED)
       PIN :   inst_controller/maq_core/d_intr_error_reg_44_/RN
                                6.12           8.16          -2.04  (VIOLATED)
       PIN :   inst_controller/maq_core/d_intr_error_reg_45_/RN
                                6.12           8.16          -2.04  (VIOLATED)
       PIN :   inst_controller/maq_core/Data_Write_reg_reg_14_/RN
                                6.12           8.16          -2.05  (VIOLATED)
       PIN :   inst_controller/maq_core/Data_Write_reg_reg_19_/RN
                                6.12           8.17          -2.05  (VIOLATED)
       PIN :   inst_controller/maq_core/Data_Write_reg_reg_26_/RN
                                6.12           8.16          -2.04  (VIOLATED)
       PIN :   inst_controller/maq_core/d_intr_error_reg_58_/RN
                                6.12           8.16          -2.04  (VIOLATED)
       PIN :   inst_controller/maq_core/mtime_a_reg_26_/RN
                                6.12           8.16          -2.04  (VIOLATED)
       PIN :   inst_controller/maq_core/U12/Q
                                5.21           8.16          -2.95  (VIOLATED)
   inst_controller/maq_bus/n52
                                5.23           8.14          -2.91  (VIOLATED)
       PIN :   inst_controller/maq_bus/U224/B
                                6.12           8.14          -2.03  (VIOLATED)
       PIN :   inst_controller/maq_bus/U223/B
                                6.12           8.14          -2.03  (VIOLATED)
       PIN :   inst_controller/maq_bus/U232/B
                                6.12           8.14          -2.03  (VIOLATED)
       PIN :   inst_controller/maq_bus/U231/B
                                6.12           8.14          -2.03  (VIOLATED)
       PIN :   inst_controller/maq_bus/U230/B
                                6.12           8.14          -2.03  (VIOLATED)
       PIN :   inst_controller/maq_bus/U229/B
                                6.12           8.14          -2.03  (VIOLATED)
       PIN :   inst_controller/maq_bus/U228/B
                                6.12           8.14          -2.03  (VIOLATED)
       PIN :   inst_controller/maq_bus/U227/B
                                6.12           8.14          -2.03  (VIOLATED)
       PIN :   inst_controller/maq_bus/U226/B
                                6.12           8.14          -2.03  (VIOLATED)
       PIN :   inst_controller/maq_bus/U225/B
                                6.12           8.14          -2.03  (VIOLATED)
       PIN :   inst_controller/maq_bus/U240/B
                                6.12           8.14          -2.03  (VIOLATED)
       PIN :   inst_controller/maq_bus/U239/B
                                6.12           8.14          -2.03  (VIOLATED)
       PIN :   inst_controller/maq_bus/U238/B
                                6.12           8.14          -2.03  (VIOLATED)
       PIN :   inst_controller/maq_bus/U237/B
                                6.12           8.14          -2.03  (VIOLATED)
       PIN :   inst_controller/maq_bus/U236/B
                                6.12           8.14          -2.03  (VIOLATED)
       PIN :   inst_controller/maq_bus/U235/B
                                6.12           8.14          -2.03  (VIOLATED)
       PIN :   inst_controller/maq_bus/U234/B
                                6.12           8.14          -2.03  (VIOLATED)
       PIN :   inst_controller/maq_bus/U233/B
                                6.12           8.14          -2.03  (VIOLATED)
       PIN :   inst_controller/maq_bus/U248/B
                                6.12           8.14          -2.03  (VIOLATED)
       PIN :   inst_controller/maq_bus/U247/B
                                6.12           8.14          -2.03  (VIOLATED)
       PIN :   inst_controller/maq_bus/U246/B
                                6.12           8.14          -2.03  (VIOLATED)
       PIN :   inst_controller/maq_bus/U245/B
                                6.12           8.14          -2.03  (VIOLATED)
       PIN :   inst_controller/maq_bus/U244/B
                                6.12           8.14          -2.03  (VIOLATED)
       PIN :   inst_controller/maq_bus/U243/B
                                6.12           8.14          -2.03  (VIOLATED)
       PIN :   inst_controller/maq_bus/U242/B
                                6.12           8.14          -2.03  (VIOLATED)
       PIN :   inst_controller/maq_bus/U241/B
                                6.12           8.14          -2.03  (VIOLATED)
       PIN :   inst_controller/maq_bus/U108/B
                                6.12           8.14          -2.03  (VIOLATED)
       PIN :   inst_controller/maq_bus/U254/B
                                6.12           8.14          -2.03  (VIOLATED)
       PIN :   inst_controller/maq_bus/U253/B
                                6.12           8.14          -2.03  (VIOLATED)
       PIN :   inst_controller/maq_bus/U252/B
                                6.12           8.14          -2.03  (VIOLATED)
       PIN :   inst_controller/maq_bus/U251/B
                                6.12           8.14          -2.03  (VIOLATED)
       PIN :   inst_controller/maq_bus/U250/B
                                6.12           8.14          -2.03  (VIOLATED)
       PIN :   inst_controller/maq_bus/U249/B
                                6.12           8.14          -2.03  (VIOLATED)
       PIN :   inst_controller/maq_bus/U138/Q
                                5.23           8.14          -2.91  (VIOLATED)
   inst_controller/maq_bus/n75
                                5.21           8.07          -2.87  (VIOLATED)
       PIN :   inst_controller/maq_bus/dir_reg_11_/RN
                                6.12           8.08          -1.96  (VIOLATED)
       PIN :   inst_controller/maq_bus/state_reg_1_/RN
                                6.12           8.08          -1.96  (VIOLATED)
       PIN :   inst_controller/maq_bus/D_Intr_bus_reg_20_/RN
                                6.12           8.10          -1.98  (VIOLATED)
       PIN :   inst_controller/maq_bus/D_Intr_bus_reg_35_/RN
                                6.12           8.08          -1.96  (VIOLATED)
       PIN :   inst_controller/maq_bus/D_Intr_bus_reg_42_/RN
                                6.12           8.08          -1.96  (VIOLATED)
       PIN :   inst_controller/maq_bus/D_Intr_bus_reg_44_/RN
                                6.12           8.08          -1.96  (VIOLATED)
       PIN :   inst_controller/maq_bus/D_Intr_bus_reg_45_/RN
                                6.12           8.10          -1.99  (VIOLATED)
       PIN :   inst_controller/maq_bus/D_Intr_bus_reg_52_/RN
                                6.12           8.08          -1.97  (VIOLATED)
       PIN :   inst_controller/maq_bus/data_reg_7_/RN
                                6.12           8.07          -1.96  (VIOLATED)
       PIN :   inst_controller/maq_bus/data_reg_16_/RN
                                6.12           8.07          -1.96  (VIOLATED)
       PIN :   inst_controller/maq_bus/D_Push_int_reg_45_/RN
                                6.12           8.08          -1.96  (VIOLATED)
       PIN :   inst_controller/maq_bus/Data_Read_bus_reg_28_/RN
                                6.12           8.07          -1.96  (VIOLATED)
       PIN :   inst_controller/maq_bus/Data_Read_bus_reg_29_/RN
                                6.12           8.07          -1.96  (VIOLATED)
       PIN :   inst_controller/maq_bus/Data_Read_bus_reg_30_/RN
                                6.12           8.07          -1.96  (VIOLATED)
       PIN :   inst_controller/maq_bus/D_Intr_bus_reg_13_/RN
                                6.12           8.09          -1.98  (VIOLATED)
       PIN :   inst_controller/maq_bus/D_Intr_bus_reg_17_/RN
                                6.12           8.10          -1.98  (VIOLATED)
       PIN :   inst_controller/maq_bus/D_Intr_bus_reg_18_/RN
                                6.12           8.10          -1.98  (VIOLATED)
       PIN :   inst_controller/maq_bus/D_Intr_bus_reg_19_/RN
                                6.12           8.09          -1.98  (VIOLATED)
       PIN :   inst_controller/maq_bus/D_sys_bus_reg_28_/RN
                                6.12           8.08          -1.96  (VIOLATED)
       PIN :   inst_controller/maq_bus/D_sys_bus_reg_25_/RN
                                6.12           8.07          -1.96  (VIOLATED)
       PIN :   inst_controller/maq_bus/D_sys_bus_reg_16_/RN
                                6.12           8.08          -1.96  (VIOLATED)
       PIN :   inst_controller/maq_bus/D_Push_int_reg_65_/RN
                                6.12           8.08          -1.96  (VIOLATED)
       PIN :   inst_controller/maq_bus/D_Push_int_reg_58_/RN
                                6.12           8.10          -1.98  (VIOLATED)
       PIN :   inst_controller/maq_bus/D_Push_int_reg_57_/RN
                                6.12           8.08          -1.96  (VIOLATED)
       PIN :   inst_controller/maq_bus/D_Push_int_reg_56_/RN
                                6.12           8.10          -1.98  (VIOLATED)
       PIN :   inst_controller/maq_bus/D_Push_int_reg_47_/RN
                                6.12           8.08          -1.96  (VIOLATED)
       PIN :   inst_controller/maq_bus/U96/A
                                6.12           8.08          -1.96  (VIOLATED)
       PIN :   inst_controller/maq_bus/A_sys_bus_reg_0_/RN
                                6.12           8.08          -1.96  (VIOLATED)
       PIN :   inst_controller/maq_bus/A_sys_bus_reg_2_/RN
                                6.12           8.08          -1.96  (VIOLATED)
       PIN :   inst_controller/maq_bus/A_sys_bus_reg_4_/RN
                                6.12           8.08          -1.96  (VIOLATED)
       PIN :   inst_controller/maq_bus/A_sys_bus_reg_8_/RN
                                6.12           8.08          -1.96  (VIOLATED)
       PIN :   inst_controller/maq_bus/D_sys_bus_reg_31_/RN
                                6.12           8.08          -1.96  (VIOLATED)
       PIN :   inst_controller/maq_bus/D_sys_bus_reg_30_/RN
                                6.12           8.08          -1.96  (VIOLATED)
       PIN :   inst_controller/maq_bus/U98/Q
                                5.21           8.07          -2.87  (VIOLATED)
   inst_controller/rdy_bus      5.30           8.16          -2.86  (VIOLATED)
       PIN :   inst_controller/U8/Q
                                5.30           8.16          -2.86  (VIOLATED)
       PIN :   inst_controller/maq_bus/data_mem_prov_reg_28_/C
                                6.12           8.16          -2.04  (VIOLATED)
       PIN :   inst_controller/maq_bus/data_mem_prov_reg_29_/C
                                6.12           8.16          -2.04  (VIOLATED)
       PIN :   inst_controller/maq_bus/data_mem_prov_reg_30_/C
                                6.12           8.16          -2.04  (VIOLATED)
       PIN :   inst_controller/maq_bus/U408/A
                                6.12           8.16          -2.04  (VIOLATED)
       PIN :   inst_controller/maq_bus/data_mem_prov_reg_21_/C
                                6.12           8.16          -2.04  (VIOLATED)
       PIN :   inst_controller/maq_bus/data_mem_prov_reg_22_/C
                                6.12           8.16          -2.04  (VIOLATED)
       PIN :   inst_controller/maq_bus/data_mem_prov_reg_23_/C
                                6.12           8.16          -2.04  (VIOLATED)
       PIN :   inst_controller/maq_bus/data_mem_prov_reg_31_/C
                                6.12           8.16          -2.04  (VIOLATED)
       PIN :   inst_controller/maq_bus/data_mem_prov_reg_24_/C
                                6.12           8.16          -2.04  (VIOLATED)
       PIN :   inst_controller/maq_bus/data_mem_prov_reg_25_/C
                                6.12           8.16          -2.04  (VIOLATED)
       PIN :   inst_controller/maq_bus/data_mem_prov_reg_26_/C
                                6.12           8.16          -2.04  (VIOLATED)
       PIN :   inst_controller/maq_bus/data_mem_prov_reg_27_/C
                                6.12           8.16          -2.04  (VIOLATED)
       PIN :   inst_controller/maq_bus/data_mem_prov_reg_13_/C
                                6.12           8.16          -2.04  (VIOLATED)
       PIN :   inst_controller/maq_bus/data_mem_prov_reg_14_/C
                                6.12           8.16          -2.04  (VIOLATED)
       PIN :   inst_controller/maq_bus/data_mem_prov_reg_15_/C
                                6.12           8.16          -2.04  (VIOLATED)
       PIN :   inst_controller/maq_bus/data_mem_prov_reg_16_/C
                                6.12           8.16          -2.04  (VIOLATED)
       PIN :   inst_controller/maq_bus/data_mem_prov_reg_17_/C
                                6.12           8.16          -2.04  (VIOLATED)
       PIN :   inst_controller/maq_bus/data_mem_prov_reg_18_/C
                                6.12           8.16          -2.04  (VIOLATED)
       PIN :   inst_controller/maq_bus/data_mem_prov_reg_19_/C
                                6.12           8.16          -2.04  (VIOLATED)
       PIN :   inst_controller/maq_bus/data_mem_prov_reg_20_/C
                                6.12           8.16          -2.04  (VIOLATED)
       PIN :   inst_controller/maq_bus/data_mem_prov_reg_5_/C
                                6.12           8.16          -2.04  (VIOLATED)
       PIN :   inst_controller/maq_bus/data_mem_prov_reg_6_/C
                                6.12           8.16          -2.04  (VIOLATED)
       PIN :   inst_controller/maq_bus/data_mem_prov_reg_7_/C
                                6.12           8.16          -2.04  (VIOLATED)
       PIN :   inst_controller/maq_bus/data_mem_prov_reg_8_/C
                                6.12           8.16          -2.04  (VIOLATED)
       PIN :   inst_controller/maq_bus/data_mem_prov_reg_9_/C
                                6.12           8.16          -2.04  (VIOLATED)
       PIN :   inst_controller/maq_bus/data_mem_prov_reg_10_/C
                                6.12           8.16          -2.04  (VIOLATED)
       PIN :   inst_controller/maq_bus/data_mem_prov_reg_11_/C
                                6.12           8.16          -2.04  (VIOLATED)
       PIN :   inst_controller/maq_bus/data_mem_prov_reg_12_/C
                                6.12           8.16          -2.04  (VIOLATED)
       PIN :   inst_controller/maq_bus/U399/A
                                6.12           8.16          -2.04  (VIOLATED)
       PIN :   inst_controller/maq_bus/U301/C
                                6.12           8.16          -2.04  (VIOLATED)
       PIN :   inst_controller/maq_bus/data_mem_prov_reg_0_/C
                                6.12           8.16          -2.04  (VIOLATED)
       PIN :   inst_controller/maq_bus/data_mem_prov_reg_1_/C
                                6.12           8.16          -2.04  (VIOLATED)
       PIN :   inst_controller/maq_bus/data_mem_prov_reg_2_/C
                                6.12           8.16          -2.04  (VIOLATED)
       PIN :   inst_controller/maq_bus/data_mem_prov_reg_3_/C
                                6.12           8.16          -2.04  (VIOLATED)
       PIN :   inst_controller/maq_bus/data_mem_prov_reg_4_/C
                                6.12           8.16          -2.04  (VIOLATED)
   d_push[9]                    5.23           8.08          -2.86  (VIOLATED)
       PIN :   inst_controller/U77/Q
                                5.23           8.08          -2.86  (VIOLATED)
   inst_controller/maq_core/n75
                                5.31           8.16          -2.85  (VIOLATED)
       PIN :   inst_controller/maq_core/A_sys_core_reg_1_/RN
                                6.12           8.16          -2.05  (VIOLATED)
       PIN :   inst_controller/maq_core/A_sys_core_reg_5_/RN
                                6.12           8.16          -2.05  (VIOLATED)
       PIN :   inst_controller/maq_core/D_sys_core_reg_4_/RN
                                6.12           8.16          -2.05  (VIOLATED)
       PIN :   inst_controller/maq_core/D_sys_core_reg_15_/RN
                                6.12           8.16          -2.05  (VIOLATED)
       PIN :   inst_controller/maq_core/D_sys_core_reg_19_/RN
                                6.12           8.16          -2.05  (VIOLATED)
       PIN :   inst_controller/maq_core/D_sys_core_reg_21_/RN
                                6.12           8.16          -2.05  (VIOLATED)
       PIN :   inst_controller/maq_core/D_sys_core_reg_25_/RN
                                6.12           8.16          -2.05  (VIOLATED)
       PIN :   inst_controller/maq_core/D_sys_core_reg_27_/RN
                                6.12           8.16          -2.05  (VIOLATED)
       PIN :   inst_controller/maq_core/D_sys_core_reg_29_/RN
                                6.12           8.16          -2.05  (VIOLATED)
       PIN :   inst_controller/maq_core/D_sys_core_reg_31_/RN
                                6.12           8.16          -2.05  (VIOLATED)
       PIN :   inst_controller/maq_core/mtime_b_reg_4_/RN
                                6.12           8.17          -2.05  (VIOLATED)
       PIN :   inst_controller/maq_core/mtimecmp_b_reg_27_/RN
                                6.12           8.16          -2.05  (VIOLATED)
       PIN :   inst_controller/maq_core/mtimecmp_b_reg_28_/RN
                                6.12           8.16          -2.05  (VIOLATED)
       PIN :   inst_controller/maq_core/mtimecmp_b_reg_29_/RN
                                6.12           8.16          -2.05  (VIOLATED)
       PIN :   inst_controller/maq_core/D_push_core_reg_0_/RN
                                6.12           8.16          -2.05  (VIOLATED)
       PIN :   inst_controller/maq_core/D_push_core_reg_60_/RN
                                6.12           8.16          -2.05  (VIOLATED)
       PIN :   inst_controller/maq_core/D_push_core_reg_46_/RN
                                6.12           8.16          -2.05  (VIOLATED)
       PIN :   inst_controller/maq_core/D_push_core_reg_51_/RN
                                6.12           8.16          -2.05  (VIOLATED)
       PIN :   inst_controller/maq_core/mtime_b_reg_18_/RN
                                6.12           8.17          -2.05  (VIOLATED)
       PIN :   inst_controller/maq_core/mtime_b_reg_17_/RN
                                6.12           8.17          -2.05  (VIOLATED)
       PIN :   inst_controller/maq_core/mtime_b_reg_16_/RN
                                6.12           8.17          -2.05  (VIOLATED)
       PIN :   inst_controller/maq_core/mtime_b_reg_15_/RN
                                6.12           8.17          -2.05  (VIOLATED)
       PIN :   inst_controller/maq_core/mtime_b_reg_14_/RN
                                6.12           8.17          -2.05  (VIOLATED)
       PIN :   inst_controller/maq_core/mtime_b_reg_13_/RN
                                6.12           8.16          -2.05  (VIOLATED)
       PIN :   inst_controller/maq_core/mtime_b_reg_12_/RN
                                6.12           8.16          -2.05  (VIOLATED)
       PIN :   inst_controller/maq_core/mtime_b_reg_5_/RN
                                6.12           8.17          -2.05  (VIOLATED)
       PIN :   inst_controller/maq_core/U23/A
                                6.12           8.18          -2.07  (VIOLATED)
       PIN :   inst_controller/maq_core/U9/A
                                6.12           8.16          -2.05  (VIOLATED)
       PIN :   inst_controller/maq_core/Data_Read_core_reg_1_/RN
                                6.12           8.17          -2.05  (VIOLATED)
       PIN :   inst_controller/maq_core/mtime_b_reg_25_/RN
                                6.12           8.17          -2.05  (VIOLATED)
       PIN :   inst_controller/maq_core/mtime_b_reg_21_/RN
                                6.12           8.17          -2.05  (VIOLATED)
       PIN :   inst_controller/maq_core/mtime_b_reg_20_/RN
                                6.12           8.17          -2.05  (VIOLATED)
       PIN :   inst_controller/maq_core/mtime_b_reg_19_/RN
                                6.12           8.17          -2.05  (VIOLATED)
       PIN :   inst_controller/maq_core/U39/Q
                                5.31           8.16          -2.85  (VIOLATED)
   inst_controller/maq_core/n72
                                5.21           8.05          -2.84  (VIOLATED)
       PIN :   inst_controller/maq_core/D_sys_core_reg_10_/RN
                                6.12           8.08          -1.96  (VIOLATED)
       PIN :   inst_controller/maq_core/D_sys_core_reg_13_/RN
                                6.12           8.07          -1.96  (VIOLATED)
       PIN :   inst_controller/maq_core/A_sys_core_reg_3_/RN
                                6.12           8.07          -1.96  (VIOLATED)
       PIN :   inst_controller/maq_core/mtime_b_reg_30_/RN
                                6.12           8.07          -1.96  (VIOLATED)
       PIN :   inst_controller/maq_core/mtime_b_reg_27_/RN
                                6.12           8.05          -1.94  (VIOLATED)
       PIN :   inst_controller/maq_core/mtime_b_reg_24_/RN
                                6.12           8.05          -1.94  (VIOLATED)
       PIN :   inst_controller/maq_core/mtime_b_reg_23_/RN
                                6.12           8.05          -1.94  (VIOLATED)
       PIN :   inst_controller/maq_core/mtime_b_reg_11_/RN
                                6.12           8.07          -1.95  (VIOLATED)
       PIN :   inst_controller/maq_core/mtime_b_reg_7_/RN
                                6.12           8.08          -1.96  (VIOLATED)
       PIN :   inst_controller/maq_core/mtime_b_reg_1_/RN
                                6.12           8.08          -1.96  (VIOLATED)
       PIN :   inst_controller/maq_core/D_sys_core_reg_6_/RN
                                6.12           8.08          -1.96  (VIOLATED)
       PIN :   inst_controller/maq_core/watch_dog_reg_reg_14_/RN
                                6.12           8.08          -1.96  (VIOLATED)
       PIN :   inst_controller/maq_core/watch_dog_reg_reg_16_/RN
                                6.12           8.08          -1.96  (VIOLATED)
       PIN :   inst_controller/maq_core/watch_dog_reg_reg_20_/RN
                                6.12           8.08          -1.96  (VIOLATED)
       PIN :   inst_controller/maq_core/watch_dog_reg_reg_24_/RN
                                6.12           8.08          -1.96  (VIOLATED)
       PIN :   inst_controller/maq_core/watch_dog_reg_reg_26_/RN
                                6.12           8.08          -1.96  (VIOLATED)
       PIN :   inst_controller/maq_core/watch_dog_reg_reg_28_/RN
                                6.12           8.08          -1.96  (VIOLATED)
       PIN :   inst_controller/maq_core/watch_dog_reg_reg_30_/RN
                                6.12           8.07          -1.96  (VIOLATED)
       PIN :   inst_controller/maq_core/watch_dog_reg_reg_0_/RN
                                6.12           8.06          -1.94  (VIOLATED)
       PIN :   inst_controller/maq_core/d_intr_error_reg_46_/RN
                                6.12           8.07          -1.96  (VIOLATED)
       PIN :   inst_controller/maq_core/d_intr_error_reg_42_/RN
                                6.12           8.07          -1.96  (VIOLATED)
       PIN :   inst_controller/maq_core/d_intr_error_reg_38_/RN
                                6.12           8.07          -1.96  (VIOLATED)
       PIN :   inst_controller/maq_core/d_intr_error_reg_32_/RN
                                6.12           8.07          -1.95  (VIOLATED)
       PIN :   inst_controller/maq_core/watch_dog_reg_reg_1_/RN
                                6.12           8.07          -1.95  (VIOLATED)
       PIN :   inst_controller/maq_core/watch_dog_reg_reg_3_/RN
                                6.12           8.06          -1.95  (VIOLATED)
       PIN :   inst_controller/maq_core/watch_dog_reg_reg_6_/RN
                                6.12           8.07          -1.96  (VIOLATED)
       PIN :   inst_controller/maq_core/watch_dog_reg_reg_9_/RN
                                6.12           8.07          -1.95  (VIOLATED)
       PIN :   inst_controller/maq_core/U18/A
                                6.12           8.05          -1.94  (VIOLATED)
       PIN :   inst_controller/maq_core/U15/A
                                6.12           8.05          -1.94  (VIOLATED)
       PIN :   inst_controller/maq_core/U8/A
                                6.12           8.05          -1.94  (VIOLATED)
       PIN :   inst_controller/maq_core/U7/A
                                6.12           8.05          -1.94  (VIOLATED)
       PIN :   inst_controller/maq_core/Wt_for_read_reg/RN
                                6.12           8.05          -1.94  (VIOLATED)
       PIN :   inst_controller/maq_core/d_intr_error_reg_56_/RN
                                6.12           8.08          -1.96  (VIOLATED)
       PIN :   inst_controller/maq_core/d_intr_error_reg_51_/RN
                                6.12           8.07          -1.95  (VIOLATED)
       PIN :   inst_controller/maq_core/U20/Q
                                5.21           8.05          -2.84  (VIOLATED)
   d_push[0]                    5.23           8.04          -2.81  (VIOLATED)
       PIN :   inst_controller/U68/Q
                                5.23           8.04          -2.81  (VIOLATED)
   inst_controller/rdy_core     5.30           8.03          -2.73  (VIOLATED)
       PIN :   inst_controller/U7/Q
                                5.30           8.03          -2.73  (VIOLATED)
       PIN :   inst_controller/maq_core/Data_out_reg_reg_4_/C
                                6.12           8.03          -1.92  (VIOLATED)
       PIN :   inst_controller/maq_core/Data_out_reg_reg_5_/C
                                6.12           8.03          -1.92  (VIOLATED)
       PIN :   inst_controller/maq_core/Data_out_reg_reg_6_/C
                                6.12           8.03          -1.92  (VIOLATED)
       PIN :   inst_controller/maq_core/Data_out_reg_reg_7_/C
                                6.12           8.03          -1.92  (VIOLATED)
       PIN :   inst_controller/maq_core/Data_out_reg_reg_28_/C
                                6.12           8.03          -1.92  (VIOLATED)
       PIN :   inst_controller/maq_core/Data_out_reg_reg_29_/C
                                6.12           8.03          -1.92  (VIOLATED)
       PIN :   inst_controller/maq_core/Data_out_reg_reg_30_/C
                                6.12           8.03          -1.92  (VIOLATED)
       PIN :   inst_controller/maq_core/Data_out_reg_reg_31_/C
                                6.12           8.03          -1.92  (VIOLATED)
       PIN :   inst_controller/maq_core/Data_out_reg_reg_0_/C
                                6.12           8.03          -1.92  (VIOLATED)
       PIN :   inst_controller/maq_core/Data_out_reg_reg_1_/C
                                6.12           8.03          -1.92  (VIOLATED)
       PIN :   inst_controller/maq_core/Data_out_reg_reg_2_/C
                                6.12           8.03          -1.92  (VIOLATED)
       PIN :   inst_controller/maq_core/Data_out_reg_reg_3_/C
                                6.12           8.03          -1.92  (VIOLATED)
       PIN :   inst_controller/maq_core/Data_out_reg_reg_20_/C
                                6.12           8.03          -1.92  (VIOLATED)
       PIN :   inst_controller/maq_core/Data_out_reg_reg_21_/C
                                6.12           8.03          -1.92  (VIOLATED)
       PIN :   inst_controller/maq_core/Data_out_reg_reg_22_/C
                                6.12           8.03          -1.92  (VIOLATED)
       PIN :   inst_controller/maq_core/Data_out_reg_reg_23_/C
                                6.12           8.03          -1.92  (VIOLATED)
       PIN :   inst_controller/maq_core/Data_out_reg_reg_24_/C
                                6.12           8.03          -1.92  (VIOLATED)
       PIN :   inst_controller/maq_core/Data_out_reg_reg_25_/C
                                6.12           8.03          -1.92  (VIOLATED)
       PIN :   inst_controller/maq_core/Data_out_reg_reg_26_/C
                                6.12           8.03          -1.92  (VIOLATED)
       PIN :   inst_controller/maq_core/Data_out_reg_reg_27_/C
                                6.12           8.03          -1.92  (VIOLATED)
       PIN :   inst_controller/maq_core/Data_out_reg_reg_12_/C
                                6.12           8.03          -1.92  (VIOLATED)
       PIN :   inst_controller/maq_core/Data_out_reg_reg_13_/C
                                6.12           8.03          -1.92  (VIOLATED)
       PIN :   inst_controller/maq_core/Data_out_reg_reg_14_/C
                                6.12           8.03          -1.92  (VIOLATED)
       PIN :   inst_controller/maq_core/Data_out_reg_reg_15_/C
                                6.12           8.03          -1.92  (VIOLATED)
       PIN :   inst_controller/maq_core/Data_out_reg_reg_16_/C
                                6.12           8.03          -1.92  (VIOLATED)
       PIN :   inst_controller/maq_core/Data_out_reg_reg_17_/C
                                6.12           8.03          -1.92  (VIOLATED)
       PIN :   inst_controller/maq_core/Data_out_reg_reg_18_/C
                                6.12           8.03          -1.92  (VIOLATED)
       PIN :   inst_controller/maq_core/Data_out_reg_reg_19_/C
                                6.12           8.03          -1.92  (VIOLATED)
       PIN :   inst_controller/maq_core/U913/A
                                6.12           8.03          -1.92  (VIOLATED)
       PIN :   inst_controller/maq_core/U636/D
                                6.12           8.03          -1.92  (VIOLATED)
       PIN :   inst_controller/maq_core/U26/A
                                6.12           8.03          -1.92  (VIOLATED)
       PIN :   inst_controller/maq_core/Data_out_reg_reg_8_/C
                                6.12           8.03          -1.92  (VIOLATED)
       PIN :   inst_controller/maq_core/Data_out_reg_reg_9_/C
                                6.12           8.03          -1.92  (VIOLATED)
       PIN :   inst_controller/maq_core/Data_out_reg_reg_10_/C
                                6.12           8.03          -1.92  (VIOLATED)
       PIN :   inst_controller/maq_core/Data_out_reg_reg_11_/C
                                6.12           8.03          -1.92  (VIOLATED)
   inst_controller/maq_bus/n20
                                5.23           7.90          -2.67  (VIOLATED)
       PIN :   inst_controller/maq_bus/U295/D
                                6.12           7.90          -1.78  (VIOLATED)
       PIN :   inst_controller/maq_bus/U369/D
                                6.12           7.90          -1.78  (VIOLATED)
       PIN :   inst_controller/maq_bus/U368/D
                                6.12           7.90          -1.78  (VIOLATED)
       PIN :   inst_controller/maq_bus/U367/D
                                6.12           7.90          -1.78  (VIOLATED)
       PIN :   inst_controller/maq_bus/U363/D
                                6.12           7.90          -1.78  (VIOLATED)
       PIN :   inst_controller/maq_bus/U362/D
                                6.12           7.90          -1.78  (VIOLATED)
       PIN :   inst_controller/maq_bus/U361/D
                                6.12           7.90          -1.78  (VIOLATED)
       PIN :   inst_controller/maq_bus/U360/D
                                6.12           7.90          -1.78  (VIOLATED)
       PIN :   inst_controller/maq_bus/U359/D
                                6.12           7.90          -1.78  (VIOLATED)
       PIN :   inst_controller/maq_bus/U381/D
                                6.12           7.90          -1.78  (VIOLATED)
       PIN :   inst_controller/maq_bus/U380/D
                                6.12           7.90          -1.78  (VIOLATED)
       PIN :   inst_controller/maq_bus/U379/D
                                6.12           7.90          -1.78  (VIOLATED)
       PIN :   inst_controller/maq_bus/U376/D
                                6.12           7.90          -1.78  (VIOLATED)
       PIN :   inst_controller/maq_bus/U373/D
                                6.12           7.90          -1.78  (VIOLATED)
       PIN :   inst_controller/maq_bus/U372/D
                                6.12           7.90          -1.78  (VIOLATED)
       PIN :   inst_controller/maq_bus/U371/D
                                6.12           7.90          -1.78  (VIOLATED)
       PIN :   inst_controller/maq_bus/U370/D
                                6.12           7.90          -1.78  (VIOLATED)
       PIN :   inst_controller/maq_bus/U32/A
                                6.12           7.90          -1.78  (VIOLATED)
       PIN :   inst_controller/maq_bus/U31/A
                                6.12           7.90          -1.78  (VIOLATED)
       PIN :   inst_controller/maq_bus/U30/A
                                6.12           7.90          -1.78  (VIOLATED)
       PIN :   inst_controller/maq_bus/U394/D
                                6.12           7.90          -1.78  (VIOLATED)
       PIN :   inst_controller/maq_bus/U388/D
                                6.12           7.90          -1.78  (VIOLATED)
       PIN :   inst_controller/maq_bus/U387/D
                                6.12           7.90          -1.78  (VIOLATED)
       PIN :   inst_controller/maq_bus/U382/D
                                6.12           7.90          -1.78  (VIOLATED)
       PIN :   inst_controller/maq_bus/U106/Q
                                5.23           7.90          -2.67  (VIOLATED)
   d_push[8]                    5.23           7.80          -2.57  (VIOLATED)
       PIN :   inst_controller/U76/Q
                                5.23           7.80          -2.57  (VIOLATED)
   inst_controller/maq_core/n371
                                5.35           7.88          -2.53  (VIOLATED)
       PIN :   inst_controller/maq_core/U429/S
                                6.12           7.90          -1.78  (VIOLATED)
       PIN :   inst_controller/maq_core/U428/S
                                6.12           7.90          -1.78  (VIOLATED)
       PIN :   inst_controller/maq_core/U426/S
                                6.12           7.89          -1.77  (VIOLATED)
       PIN :   inst_controller/maq_core/U425/S
                                6.12           7.89          -1.77  (VIOLATED)
       PIN :   inst_controller/maq_core/U424/S
                                6.12           7.88          -1.76  (VIOLATED)
       PIN :   inst_controller/maq_core/U423/B
                                6.12           7.88          -1.76  (VIOLATED)
       PIN :   inst_controller/maq_core/U21/A
                                6.12           7.89          -1.77  (VIOLATED)
       PIN :   inst_controller/maq_core/U437/S
                                6.12           7.90          -1.78  (VIOLATED)
       PIN :   inst_controller/maq_core/U436/S
                                6.12           7.89          -1.78  (VIOLATED)
       PIN :   inst_controller/maq_core/U435/S
                                6.12           7.88          -1.76  (VIOLATED)
       PIN :   inst_controller/maq_core/U434/S
                                6.12           7.88          -1.76  (VIOLATED)
       PIN :   inst_controller/maq_core/U433/S
                                6.12           7.89          -1.77  (VIOLATED)
       PIN :   inst_controller/maq_core/U432/S
                                6.12           7.88          -1.77  (VIOLATED)
       PIN :   inst_controller/maq_core/U431/S
                                6.12           7.89          -1.77  (VIOLATED)
       PIN :   inst_controller/maq_core/U430/S
                                6.12           7.89          -1.77  (VIOLATED)
       PIN :   inst_controller/maq_core/U447/S
                                6.12           7.90          -1.78  (VIOLATED)
       PIN :   inst_controller/maq_core/U444/S
                                6.12           7.89          -1.78  (VIOLATED)
       PIN :   inst_controller/maq_core/U443/S
                                6.12           7.89          -1.78  (VIOLATED)
       PIN :   inst_controller/maq_core/U442/S
                                6.12           7.88          -1.76  (VIOLATED)
       PIN :   inst_controller/maq_core/U441/S
                                6.12           7.90          -1.78  (VIOLATED)
       PIN :   inst_controller/maq_core/U440/S
                                6.12           7.89          -1.77  (VIOLATED)
       PIN :   inst_controller/maq_core/U439/S
                                6.12           7.90          -1.78  (VIOLATED)
       PIN :   inst_controller/maq_core/U438/S
                                6.12           7.89          -1.78  (VIOLATED)
       PIN :   inst_controller/maq_core/U467/B
                                6.12           7.90          -1.78  (VIOLATED)
       PIN :   inst_controller/maq_core/U460/B
                                6.12           7.88          -1.76  (VIOLATED)
       PIN :   inst_controller/maq_core/U459/B
                                6.12           7.88          -1.76  (VIOLATED)
       PIN :   inst_controller/maq_core/U458/B
                                6.12           7.88          -1.76  (VIOLATED)
       PIN :   inst_controller/maq_core/U457/B
                                6.12           7.90          -1.78  (VIOLATED)
       PIN :   inst_controller/maq_core/U453/S
                                6.12           7.89          -1.78  (VIOLATED)
       PIN :   inst_controller/maq_core/U451/S
                                6.12           7.89          -1.78  (VIOLATED)
       PIN :   inst_controller/maq_core/U450/S
                                6.12           7.90          -1.78  (VIOLATED)
       PIN :   inst_controller/maq_core/U475/B
                                6.12           7.88          -1.76  (VIOLATED)
       PIN :   inst_controller/maq_core/U474/B
                                6.12           7.88          -1.76  (VIOLATED)
       PIN :   inst_controller/maq_core/U473/B
                                6.12           7.89          -1.78  (VIOLATED)
       PIN :   inst_controller/maq_core/U472/B
                                6.12           7.89          -1.78  (VIOLATED)
       PIN :   inst_controller/maq_core/U471/B
                                6.12           7.89          -1.78  (VIOLATED)
       PIN :   inst_controller/maq_core/U470/B
                                6.12           7.90          -1.78  (VIOLATED)
       PIN :   inst_controller/maq_core/U469/B
                                6.12           7.90          -1.78  (VIOLATED)
       PIN :   inst_controller/maq_core/U468/B
                                6.12           7.89          -1.78  (VIOLATED)
       PIN :   inst_controller/maq_core/U482/B
                                6.12           7.88          -1.76  (VIOLATED)
       PIN :   inst_controller/maq_core/U481/B
                                6.12           7.88          -1.76  (VIOLATED)
       PIN :   inst_controller/maq_core/U480/B
                                6.12           7.88          -1.76  (VIOLATED)
       PIN :   inst_controller/maq_core/U479/B
                                6.12           7.88          -1.76  (VIOLATED)
       PIN :   inst_controller/maq_core/U478/B
                                6.12           7.88          -1.76  (VIOLATED)
       PIN :   inst_controller/maq_core/U477/B
                                6.12           7.88          -1.76  (VIOLATED)
       PIN :   inst_controller/maq_core/U476/B
                                6.12           7.88          -1.76  (VIOLATED)
       PIN :   inst_controller/maq_core/U644/Q
                                5.35           7.88          -2.53  (VIOLATED)
   inst_controller/maq_core/gte_253/n264
                                5.23           7.67          -2.44  (VIOLATED)
       PIN :   inst_controller/maq_core/gte_253/U222/D
                                6.12           7.67          -1.56  (VIOLATED)
       PIN :   inst_controller/maq_core/gte_253/U193/C
                                6.12           7.67          -1.56  (VIOLATED)
       PIN :   inst_controller/maq_core/gte_253/U223/Q
                                5.23           7.67          -2.44  (VIOLATED)
   inst_controller/Watch_DG_Counter/n4
                                5.31           7.75          -2.44  (VIOLATED)
       PIN :   inst_controller/Watch_DG_Counter/Watch_dg_flg_reg/RN
                                6.12           7.75          -1.64  (VIOLATED)
       PIN :   inst_controller/Watch_DG_Counter/base_reg_0_/RN
                                6.12           7.75          -1.64  (VIOLATED)
       PIN :   inst_controller/Watch_DG_Counter/base_reg_7_/RN
                                6.12           7.75          -1.64  (VIOLATED)
       PIN :   inst_controller/Watch_DG_Counter/base_reg_6_/RN
                                6.12           7.75          -1.64  (VIOLATED)
       PIN :   inst_controller/Watch_DG_Counter/base_reg_5_/RN
                                6.12           7.75          -1.64  (VIOLATED)
       PIN :   inst_controller/Watch_DG_Counter/base_reg_4_/RN
                                6.12           7.75          -1.64  (VIOLATED)
       PIN :   inst_controller/Watch_DG_Counter/base_reg_3_/RN
                                6.12           7.75          -1.64  (VIOLATED)
       PIN :   inst_controller/Watch_DG_Counter/base_reg_2_/RN
                                6.12           7.75          -1.64  (VIOLATED)
       PIN :   inst_controller/Watch_DG_Counter/base_reg_1_/RN
                                6.12           7.75          -1.64  (VIOLATED)
       PIN :   inst_controller/Watch_DG_Counter/base_reg_30_/RN
                                6.12           7.75          -1.64  (VIOLATED)
       PIN :   inst_controller/Watch_DG_Counter/base_reg_15_/RN
                                6.12           7.75          -1.64  (VIOLATED)
       PIN :   inst_controller/Watch_DG_Counter/base_reg_14_/RN
                                6.12           7.75          -1.64  (VIOLATED)
       PIN :   inst_controller/Watch_DG_Counter/base_reg_13_/RN
                                6.12           7.75          -1.64  (VIOLATED)
       PIN :   inst_controller/Watch_DG_Counter/base_reg_12_/RN
                                6.12           7.75          -1.64  (VIOLATED)
       PIN :   inst_controller/Watch_DG_Counter/base_reg_11_/RN
                                6.12           7.75          -1.64  (VIOLATED)
       PIN :   inst_controller/Watch_DG_Counter/base_reg_10_/RN
                                6.12           7.75          -1.64  (VIOLATED)
       PIN :   inst_controller/Watch_DG_Counter/base_reg_9_/RN
                                6.12           7.75          -1.64  (VIOLATED)
       PIN :   inst_controller/Watch_DG_Counter/base_reg_8_/RN
                                6.12           7.75          -1.64  (VIOLATED)
       PIN :   inst_controller/Watch_DG_Counter/base_reg_23_/RN
                                6.12           7.75          -1.64  (VIOLATED)
       PIN :   inst_controller/Watch_DG_Counter/base_reg_22_/RN
                                6.12           7.75          -1.64  (VIOLATED)
       PIN :   inst_controller/Watch_DG_Counter/base_reg_21_/RN
                                6.12           7.75          -1.64  (VIOLATED)
       PIN :   inst_controller/Watch_DG_Counter/base_reg_20_/RN
                                6.12           7.75          -1.64  (VIOLATED)
       PIN :   inst_controller/Watch_DG_Counter/base_reg_19_/RN
                                6.12           7.75          -1.64  (VIOLATED)
       PIN :   inst_controller/Watch_DG_Counter/base_reg_18_/RN
                                6.12           7.75          -1.64  (VIOLATED)
       PIN :   inst_controller/Watch_DG_Counter/base_reg_17_/RN
                                6.12           7.75          -1.64  (VIOLATED)
       PIN :   inst_controller/Watch_DG_Counter/base_reg_16_/RN
                                6.12           7.75          -1.64  (VIOLATED)
       PIN :   inst_controller/Watch_DG_Counter/base_reg_31_/RN
                                6.12           7.75          -1.64  (VIOLATED)
       PIN :   inst_controller/Watch_DG_Counter/base_reg_29_/RN
                                6.12           7.75          -1.64  (VIOLATED)
       PIN :   inst_controller/Watch_DG_Counter/base_reg_28_/RN
                                6.12           7.75          -1.64  (VIOLATED)
       PIN :   inst_controller/Watch_DG_Counter/base_reg_27_/RN
                                6.12           7.75          -1.64  (VIOLATED)
       PIN :   inst_controller/Watch_DG_Counter/base_reg_26_/RN
                                6.12           7.75          -1.64  (VIOLATED)
       PIN :   inst_controller/Watch_DG_Counter/base_reg_25_/RN
                                6.12           7.75          -1.64  (VIOLATED)
       PIN :   inst_controller/Watch_DG_Counter/base_reg_24_/RN
                                6.12           7.75          -1.64  (VIOLATED)
       PIN :   inst_controller/Watch_DG_Counter/U4/Q
                                5.31           7.75          -2.44  (VIOLATED)
   inst_controller/maq_core/n478
                                5.23           7.63          -2.41  (VIOLATED)
       PIN :   inst_controller/maq_core/U689/C
                                6.12           7.63          -1.52  (VIOLATED)
       PIN :   inst_controller/maq_core/U729/C
                                6.12           7.63          -1.52  (VIOLATED)
       PIN :   inst_controller/maq_core/U724/C
                                6.12           7.63          -1.52  (VIOLATED)
       PIN :   inst_controller/maq_core/U719/C
                                6.12           7.63          -1.52  (VIOLATED)
       PIN :   inst_controller/maq_core/U714/C
                                6.12           7.63          -1.52  (VIOLATED)
       PIN :   inst_controller/maq_core/U709/C
                                6.12           7.63          -1.52  (VIOLATED)
       PIN :   inst_controller/maq_core/U704/C
                                6.12           7.63          -1.52  (VIOLATED)
       PIN :   inst_controller/maq_core/U699/C
                                6.12           7.63          -1.52  (VIOLATED)
       PIN :   inst_controller/maq_core/U694/C
                                6.12           7.63          -1.52  (VIOLATED)
       PIN :   inst_controller/maq_core/U769/C
                                6.12           7.63          -1.52  (VIOLATED)
       PIN :   inst_controller/maq_core/U764/C
                                6.12           7.63          -1.52  (VIOLATED)
       PIN :   inst_controller/maq_core/U759/C
                                6.12           7.63          -1.52  (VIOLATED)
       PIN :   inst_controller/maq_core/U754/C
                                6.12           7.63          -1.52  (VIOLATED)
       PIN :   inst_controller/maq_core/U749/C
                                6.12           7.63          -1.52  (VIOLATED)
       PIN :   inst_controller/maq_core/U744/C
                                6.12           7.63          -1.52  (VIOLATED)
       PIN :   inst_controller/maq_core/U739/C
                                6.12           7.63          -1.52  (VIOLATED)
       PIN :   inst_controller/maq_core/U734/C
                                6.12           7.63          -1.52  (VIOLATED)
       PIN :   inst_controller/maq_core/U809/C
                                6.12           7.63          -1.52  (VIOLATED)
       PIN :   inst_controller/maq_core/U804/C
                                6.12           7.63          -1.52  (VIOLATED)
       PIN :   inst_controller/maq_core/U799/C
                                6.12           7.63          -1.52  (VIOLATED)
       PIN :   inst_controller/maq_core/U794/C
                                6.12           7.63          -1.52  (VIOLATED)
       PIN :   inst_controller/maq_core/U789/C
                                6.12           7.63          -1.52  (VIOLATED)
       PIN :   inst_controller/maq_core/U784/C
                                6.12           7.63          -1.52  (VIOLATED)
       PIN :   inst_controller/maq_core/U779/C
                                6.12           7.63          -1.52  (VIOLATED)
       PIN :   inst_controller/maq_core/U774/C
                                6.12           7.63          -1.52  (VIOLATED)
       PIN :   inst_controller/maq_core/U844/C
                                6.12           7.63          -1.52  (VIOLATED)
       PIN :   inst_controller/maq_core/U839/C
                                6.12           7.63          -1.52  (VIOLATED)
       PIN :   inst_controller/maq_core/U834/C
                                6.12           7.63          -1.52  (VIOLATED)
       PIN :   inst_controller/maq_core/U829/C
                                6.12           7.63          -1.52  (VIOLATED)
       PIN :   inst_controller/maq_core/U824/C
                                6.12           7.63          -1.52  (VIOLATED)
       PIN :   inst_controller/maq_core/U819/C
                                6.12           7.63          -1.52  (VIOLATED)
       PIN :   inst_controller/maq_core/U814/C
                                6.12           7.63          -1.52  (VIOLATED)
       PIN :   inst_controller/maq_core/U845/Q
                                5.23           7.63          -2.41  (VIOLATED)
   inst_controller/maq_core/n71
                                5.21           7.60          -2.39  (VIOLATED)
       PIN :   inst_controller/maq_core/D_push_core_reg_47_/RN
                                6.12           7.60          -1.49  (VIOLATED)
       PIN :   inst_controller/maq_core/D_push_core_reg_52_/RN
                                6.12           7.60          -1.49  (VIOLATED)
       PIN :   inst_controller/maq_core/D_push_core_reg_54_/RN
                                6.12           7.60          -1.49  (VIOLATED)
       PIN :   inst_controller/maq_core/D_push_core_reg_73_/RN
                                6.12           7.63          -1.51  (VIOLATED)
       PIN :   inst_controller/maq_core/D_push_core_reg_34_/RN
                                6.12           7.60          -1.49  (VIOLATED)
       PIN :   inst_controller/maq_core/D_sys_core_reg_8_/RN
                                6.12           7.60          -1.49  (VIOLATED)
       PIN :   inst_controller/maq_core/RW_Mem_core_reg/RN
                                6.12           7.60          -1.49  (VIOLATED)
       PIN :   inst_controller/maq_core/mtime_a_reg_31_/RN
                                6.12           7.60          -1.49  (VIOLATED)
       PIN :   inst_controller/maq_core/D_push_core_reg_15_/RN
                                6.12           7.62          -1.51  (VIOLATED)
       PIN :   inst_controller/maq_core/D_push_core_reg_14_/RN
                                6.12           7.62          -1.51  (VIOLATED)
       PIN :   inst_controller/maq_core/D_push_core_reg_13_/RN
                                6.12           7.63          -1.51  (VIOLATED)
       PIN :   inst_controller/maq_core/D_push_core_reg_12_/RN
                                6.12           7.62          -1.51  (VIOLATED)
       PIN :   inst_controller/maq_core/D_push_core_reg_11_/RN
                                6.12           7.60          -1.49  (VIOLATED)
       PIN :   inst_controller/maq_core/D_push_core_reg_10_/RN
                                6.12           7.60          -1.49  (VIOLATED)
       PIN :   inst_controller/maq_core/D_push_core_reg_39_/RN
                                6.12           7.60          -1.49  (VIOLATED)
       PIN :   inst_controller/maq_core/state_ant_reg_0_/RN
                                6.12           7.62          -1.51  (VIOLATED)
       PIN :   inst_controller/maq_core/rqs_time_intr_reg/RN
                                6.12           7.63          -1.51  (VIOLATED)
       PIN :   inst_controller/maq_core/d_intr_error_reg_36_/RN
                                6.12           7.60          -1.49  (VIOLATED)
       PIN :   inst_controller/maq_core/watch_dog_reg_reg_8_/RN
                                6.12           7.60          -1.49  (VIOLATED)
       PIN :   inst_controller/maq_core/watch_dog_reg_reg_13_/RN
                                6.12           7.60          -1.49  (VIOLATED)
       PIN :   inst_controller/maq_core/watch_dog_reg_reg_17_/RN
                                6.12           7.60          -1.49  (VIOLATED)
       PIN :   inst_controller/maq_core/watch_dog_reg_reg_22_/RN
                                6.12           7.60          -1.49  (VIOLATED)
       PIN :   inst_controller/maq_core/mtime_b_reg_29_/RN
                                6.12           7.60          -1.49  (VIOLATED)
       PIN :   inst_controller/maq_core/U11/A
                                6.12           7.60          -1.49  (VIOLATED)
       PIN :   inst_controller/maq_core/rqs_error_intr_reg/RN
                                6.12           7.63          -1.51  (VIOLATED)
       PIN :   inst_controller/maq_core/Data_Write_reg_reg_12_/RN
                                6.12           7.61          -1.50  (VIOLATED)
       PIN :   inst_controller/maq_core/Data_Write_reg_reg_17_/RN
                                6.12           7.62          -1.50  (VIOLATED)
       PIN :   inst_controller/maq_core/Data_Write_reg_reg_20_/RN
                                6.12           7.62          -1.50  (VIOLATED)
       PIN :   inst_controller/maq_core/Data_Write_reg_reg_28_/RN
                                6.12           7.60          -1.49  (VIOLATED)
       PIN :   inst_controller/maq_core/Data_Write_reg_reg_29_/RN
                                6.12           7.60          -1.49  (VIOLATED)
       PIN :   inst_controller/maq_core/U18/Q
                                5.21           7.60          -2.39  (VIOLATED)
   inst_controller/maq_core/n37
                                5.31           7.64          -2.33  (VIOLATED)
       PIN :   inst_controller/maq_core/U374/S
                                6.12           7.65          -1.53  (VIOLATED)
       PIN :   inst_controller/maq_core/U373/S
                                6.12           7.65          -1.53  (VIOLATED)
       PIN :   inst_controller/maq_core/U372/S
                                6.12           7.65          -1.53  (VIOLATED)
       PIN :   inst_controller/maq_core/U371/S
                                6.12           7.65          -1.53  (VIOLATED)
       PIN :   inst_controller/maq_core/U370/S
                                6.12           7.65          -1.53  (VIOLATED)
       PIN :   inst_controller/maq_core/U369/S
                                6.12           7.65          -1.53  (VIOLATED)
       PIN :   inst_controller/maq_core/U867/S
                                6.12           7.66          -1.54  (VIOLATED)
       PIN :   inst_controller/maq_core/U386/S
                                6.12           7.65          -1.53  (VIOLATED)
       PIN :   inst_controller/maq_core/U380/S
                                6.12           7.65          -1.54  (VIOLATED)
       PIN :   inst_controller/maq_core/U379/S
                                6.12           7.65          -1.54  (VIOLATED)
       PIN :   inst_controller/maq_core/U378/S
                                6.12           7.65          -1.53  (VIOLATED)
       PIN :   inst_controller/maq_core/U377/S
                                6.12           7.65          -1.53  (VIOLATED)
       PIN :   inst_controller/maq_core/U376/S
                                6.12           7.65          -1.53  (VIOLATED)
       PIN :   inst_controller/maq_core/U375/S
                                6.12           7.65          -1.53  (VIOLATED)
       PIN :   inst_controller/maq_core/U882/S
                                6.12           7.65          -1.54  (VIOLATED)
       PIN :   inst_controller/maq_core/U880/S
                                6.12           7.65          -1.54  (VIOLATED)
       PIN :   inst_controller/maq_core/U878/S
                                6.12           7.65          -1.54  (VIOLATED)
       PIN :   inst_controller/maq_core/U877/S
                                6.12           7.66          -1.54  (VIOLATED)
       PIN :   inst_controller/maq_core/U875/S
                                6.12           7.65          -1.54  (VIOLATED)
       PIN :   inst_controller/maq_core/U874/S
                                6.12           7.67          -1.55  (VIOLATED)
       PIN :   inst_controller/maq_core/U871/S
                                6.12           7.66          -1.54  (VIOLATED)
       PIN :   inst_controller/maq_core/U870/S
                                6.12           7.66          -1.54  (VIOLATED)
       PIN :   inst_controller/maq_core/U894/S
                                6.12           7.65          -1.54  (VIOLATED)
       PIN :   inst_controller/maq_core/U893/S
                                6.12           7.65          -1.54  (VIOLATED)
       PIN :   inst_controller/maq_core/U892/S
                                6.12           7.66          -1.54  (VIOLATED)
       PIN :   inst_controller/maq_core/U891/S
                                6.12           7.66          -1.55  (VIOLATED)
       PIN :   inst_controller/maq_core/U890/S
                                6.12           7.66          -1.54  (VIOLATED)
       PIN :   inst_controller/maq_core/U889/S
                                6.12           7.66          -1.55  (VIOLATED)
       PIN :   inst_controller/maq_core/U886/S
                                6.12           7.66          -1.54  (VIOLATED)
       PIN :   inst_controller/maq_core/U884/S
                                6.12           7.65          -1.54  (VIOLATED)
       PIN :   inst_controller/maq_core/U906/S
                                6.12           7.65          -1.54  (VIOLATED)
       PIN :   inst_controller/maq_core/U905/S
                                6.12           7.65          -1.54  (VIOLATED)
       PIN :   inst_controller/maq_core/U900/S
                                6.12           7.65          -1.54  (VIOLATED)
       PIN :   inst_controller/maq_core/U899/S
                                6.12           7.65          -1.54  (VIOLATED)
       PIN :   inst_controller/maq_core/U898/S
                                6.12           7.66          -1.54  (VIOLATED)
       PIN :   inst_controller/maq_core/U897/S
                                6.12           7.66          -1.54  (VIOLATED)
       PIN :   inst_controller/maq_core/U896/S
                                6.12           7.66          -1.54  (VIOLATED)
       PIN :   inst_controller/maq_core/U895/S
                                6.12           7.65          -1.54  (VIOLATED)
       PIN :   inst_controller/maq_core/U17/Q
                                5.31           7.64          -2.33  (VIOLATED)
   inst_controller/n7           5.31           7.64          -2.33  (VIOLATED)
       PIN :   inst_controller/U137/D
                                6.12           7.66          -1.54  (VIOLATED)
       PIN :   inst_controller/U135/D
                                6.12           7.65          -1.53  (VIOLATED)
       PIN :   inst_controller/U133/D
                                6.12           7.65          -1.53  (VIOLATED)
       PIN :   inst_controller/U129/D
                                6.12           7.64          -1.52  (VIOLATED)
       PIN :   inst_controller/U127/D
                                6.12           7.64          -1.52  (VIOLATED)
       PIN :   inst_controller/U126/D
                                6.12           7.66          -1.55  (VIOLATED)
       PIN :   inst_controller/U125/D
                                6.12           7.64          -1.52  (VIOLATED)
       PIN :   inst_controller/U113/B
                                6.12           7.64          -1.53  (VIOLATED)
       PIN :   inst_controller/U233/D
                                6.12           7.65          -1.53  (VIOLATED)
       PIN :   inst_controller/U229/D
                                6.12           7.65          -1.54  (VIOLATED)
       PIN :   inst_controller/U227/B
                                6.12           7.64          -1.53  (VIOLATED)
       PIN :   inst_controller/U226/B
                                6.12           7.64          -1.53  (VIOLATED)
       PIN :   inst_controller/U145/D
                                6.12           7.66          -1.55  (VIOLATED)
       PIN :   inst_controller/U143/D
                                6.12           7.66          -1.54  (VIOLATED)
       PIN :   inst_controller/U141/D
                                6.12           7.65          -1.53  (VIOLATED)
       PIN :   inst_controller/U139/D
                                6.12           7.64          -1.52  (VIOLATED)
       PIN :   inst_controller/U18/A
                                6.12           7.64          -1.52  (VIOLATED)
       PIN :   inst_controller/U17/A
                                6.12           7.64          -1.52  (VIOLATED)
       PIN :   inst_controller/U15/A
                                6.12           7.64          -1.52  (VIOLATED)
       PIN :   inst_controller/U7/A
                                6.12           7.64          -1.52  (VIOLATED)
       PIN :   inst_controller/U237/D
                                6.12           7.65          -1.53  (VIOLATED)
       PIN :   inst_controller/U236/D
                                6.12           7.65          -1.53  (VIOLATED)
       PIN :   inst_controller/U235/D
                                6.12           7.65          -1.54  (VIOLATED)
       PIN :   inst_controller/U45/B
                                6.12           7.64          -1.53  (VIOLATED)
       PIN :   inst_controller/U44/B
                                6.12           7.64          -1.53  (VIOLATED)
       PIN :   inst_controller/U32/A
                                6.12           7.64          -1.52  (VIOLATED)
       PIN :   inst_controller/U31/A
                                6.12           7.64          -1.52  (VIOLATED)
       PIN :   inst_controller/U28/A
                                6.12           7.64          -1.52  (VIOLATED)
       PIN :   inst_controller/U27/A
                                6.12           7.64          -1.52  (VIOLATED)
       PIN :   inst_controller/U25/A
                                6.12           7.64          -1.52  (VIOLATED)
       PIN :   inst_controller/U22/A
                                6.12           7.64          -1.52  (VIOLATED)
       PIN :   inst_controller/U63/B
                                6.12           7.64          -1.53  (VIOLATED)
       PIN :   inst_controller/U62/B
                                6.12           7.64          -1.53  (VIOLATED)
       PIN :   inst_controller/U60/B
                                6.12           7.64          -1.53  (VIOLATED)
       PIN :   inst_controller/U57/B
                                6.12           7.64          -1.53  (VIOLATED)
       PIN :   inst_controller/U54/B
                                6.12           7.64          -1.53  (VIOLATED)
       PIN :   inst_controller/U51/B
                                6.12           7.64          -1.53  (VIOLATED)
       PIN :   inst_controller/U50/B
                                6.12           7.64          -1.53  (VIOLATED)
       PIN :   inst_controller/U48/B
                                6.12           7.64          -1.53  (VIOLATED)
       PIN :   inst_controller/U74/B
                                6.12           7.64          -1.52  (VIOLATED)
       PIN :   inst_controller/U73/B
                                6.12           7.64          -1.52  (VIOLATED)
       PIN :   inst_controller/U72/B
                                6.12           7.64          -1.52  (VIOLATED)
       PIN :   inst_controller/U71/B
                                6.12           7.64          -1.52  (VIOLATED)
       PIN :   inst_controller/U70/B
                                6.12           7.64          -1.52  (VIOLATED)
       PIN :   inst_controller/U69/B
                                6.12           7.64          -1.52  (VIOLATED)
       PIN :   inst_controller/U68/B
                                6.12           7.64          -1.52  (VIOLATED)
       PIN :   inst_controller/U66/B
                                6.12           7.64          -1.53  (VIOLATED)
       PIN :   inst_controller/U96/B
                                6.12           7.66          -1.55  (VIOLATED)
       PIN :   inst_controller/U94/B
                                6.12           7.66          -1.55  (VIOLATED)
       PIN :   inst_controller/U92/B
                                6.12           7.66          -1.54  (VIOLATED)
       PIN :   inst_controller/U79/B
                                6.12           7.64          -1.52  (VIOLATED)
       PIN :   inst_controller/U78/B
                                6.12           7.64          -1.52  (VIOLATED)
       PIN :   inst_controller/U77/B
                                6.12           7.64          -1.52  (VIOLATED)
       PIN :   inst_controller/U76/B
                                6.12           7.64          -1.52  (VIOLATED)
       PIN :   inst_controller/U75/B
                                6.12           7.64          -1.52  (VIOLATED)
       PIN :   inst_controller/U241/A
                                6.12           7.64          -1.52  (VIOLATED)
       PIN :   inst_controller/U109/A
                                6.12           7.64          -1.52  (VIOLATED)
       PIN :   inst_controller/U108/A
                                6.12           7.64          -1.52  (VIOLATED)
       PIN :   inst_controller/U107/A
                                6.12           7.64          -1.52  (VIOLATED)
       PIN :   inst_controller/U106/A
                                6.12           7.64          -1.52  (VIOLATED)
       PIN :   inst_controller/U102/B
                                6.12           7.64          -1.53  (VIOLATED)
       PIN :   inst_controller/U100/B
                                6.12           7.64          -1.53  (VIOLATED)
       PIN :   inst_controller/U98/B
                                6.12           7.66          -1.55  (VIOLATED)
       PIN :   inst_controller/U4/Q
                                5.31           7.64          -2.33  (VIOLATED)
   inst_controller/maq_bus/n31
                                5.23           7.52          -2.29  (VIOLATED)
       PIN :   inst_controller/maq_bus/U316/D
                                6.12           7.52          -1.41  (VIOLATED)
       PIN :   inst_controller/maq_bus/U315/D
                                6.12           7.52          -1.41  (VIOLATED)
       PIN :   inst_controller/maq_bus/U313/D
                                6.12           7.52          -1.41  (VIOLATED)
       PIN :   inst_controller/maq_bus/U311/D
                                6.12           7.52          -1.41  (VIOLATED)
       PIN :   inst_controller/maq_bus/U309/D
                                6.12           7.52          -1.41  (VIOLATED)
       PIN :   inst_controller/maq_bus/U307/D
                                6.12           7.52          -1.41  (VIOLATED)
       PIN :   inst_controller/maq_bus/U305/D
                                6.12           7.52          -1.41  (VIOLATED)
       PIN :   inst_controller/maq_bus/U303/D
                                6.12           7.52          -1.41  (VIOLATED)
       PIN :   inst_controller/maq_bus/U324/D
                                6.12           7.52          -1.41  (VIOLATED)
       PIN :   inst_controller/maq_bus/U323/D
                                6.12           7.52          -1.41  (VIOLATED)
       PIN :   inst_controller/maq_bus/U322/D
                                6.12           7.52          -1.41  (VIOLATED)
       PIN :   inst_controller/maq_bus/U321/D
                                6.12           7.52          -1.41  (VIOLATED)
       PIN :   inst_controller/maq_bus/U320/D
                                6.12           7.52          -1.41  (VIOLATED)
       PIN :   inst_controller/maq_bus/U319/D
                                6.12           7.52          -1.41  (VIOLATED)
       PIN :   inst_controller/maq_bus/U318/D
                                6.12           7.52          -1.41  (VIOLATED)
       PIN :   inst_controller/maq_bus/U317/D
                                6.12           7.52          -1.41  (VIOLATED)
       PIN :   inst_controller/maq_bus/U332/D
                                6.12           7.52          -1.41  (VIOLATED)
       PIN :   inst_controller/maq_bus/U331/D
                                6.12           7.52          -1.41  (VIOLATED)
       PIN :   inst_controller/maq_bus/U330/D
                                6.12           7.52          -1.41  (VIOLATED)
       PIN :   inst_controller/maq_bus/U329/D
                                6.12           7.52          -1.41  (VIOLATED)
       PIN :   inst_controller/maq_bus/U328/D
                                6.12           7.52          -1.41  (VIOLATED)
       PIN :   inst_controller/maq_bus/U327/D
                                6.12           7.52          -1.41  (VIOLATED)
       PIN :   inst_controller/maq_bus/U326/D
                                6.12           7.52          -1.41  (VIOLATED)
       PIN :   inst_controller/maq_bus/U325/D
                                6.12           7.52          -1.41  (VIOLATED)
       PIN :   inst_controller/maq_bus/U340/D
                                6.12           7.52          -1.41  (VIOLATED)
       PIN :   inst_controller/maq_bus/U339/D
                                6.12           7.52          -1.41  (VIOLATED)
       PIN :   inst_controller/maq_bus/U338/D
                                6.12           7.52          -1.41  (VIOLATED)
       PIN :   inst_controller/maq_bus/U337/D
                                6.12           7.52          -1.41  (VIOLATED)
       PIN :   inst_controller/maq_bus/U336/D
                                6.12           7.52          -1.41  (VIOLATED)
       PIN :   inst_controller/maq_bus/U335/D
                                6.12           7.52          -1.41  (VIOLATED)
       PIN :   inst_controller/maq_bus/U334/D
                                6.12           7.52          -1.41  (VIOLATED)
       PIN :   inst_controller/maq_bus/U333/D
                                6.12           7.52          -1.41  (VIOLATED)
       PIN :   inst_controller/maq_bus/U104/Q
                                5.23           7.52          -2.29  (VIOLATED)
   d_push[4]                    5.23           7.51          -2.28  (VIOLATED)
       PIN :   inst_controller/U72/Q
                                5.23           7.51          -2.28  (VIOLATED)
   inst_controller/push_int     5.15           7.40          -2.25  (VIOLATED)
       PIN :   inst_controller/fifo_int/u_dp__1___dp3__D_reg/bit__64__prll_regstr_/q_reg/C
                                6.12           7.41          -1.29  (VIOLATED)
       PIN :   inst_controller/fifo_int/u_dp__1___dp3__D_reg/bit__67__prll_regstr_/q_reg/C
                                6.12           7.41          -1.29  (VIOLATED)
       PIN :   inst_controller/fifo_int/u_dp__1___dp3__D_reg/bit__68__prll_regstr_/q_reg/C
                                6.12           7.41          -1.29  (VIOLATED)
       PIN :   inst_controller/fifo_int/u_dp__1___dp3__D_reg/bit__56__prll_regstr_/q_reg/C
                                6.12           7.41          -1.29  (VIOLATED)
       PIN :   inst_controller/fifo_int/u_dp__1___dp3__D_reg/bit__59__prll_regstr_/q_reg/C
                                6.12           7.41          -1.29  (VIOLATED)
       PIN :   inst_controller/fifo_int/u_dp__1___dp3__D_reg/bit__48__prll_regstr_/q_reg/C
                                6.12           7.41          -1.29  (VIOLATED)
       PIN :   inst_controller/fifo_int/u_dp__1___dp3__D_reg/bit__50__prll_regstr_/q_reg/C
                                6.12           7.41          -1.29  (VIOLATED)
       PIN :   inst_controller/fifo_int/u_dp__1___dp3__D_reg/bit__51__prll_regstr_/q_reg/C
                                6.12           7.42          -1.31  (VIOLATED)
       PIN :   inst_controller/fifo_int/u_dp__1___dp3__D_reg/bit__55__prll_regstr_/q_reg/C
                                6.12           7.43          -1.31  (VIOLATED)
       PIN :   inst_controller/fifo_int/u_dp__1___dp3__D_reg/bit__40__prll_regstr_/q_reg/C
                                6.12           7.41          -1.29  (VIOLATED)
       PIN :   inst_controller/fifo_int/u_dp__1___dp3__D_reg/bit__43__prll_regstr_/q_reg/C
                                6.12           7.41          -1.29  (VIOLATED)
       PIN :   inst_controller/fifo_int/u_dp__1___dp3__D_reg/bit__44__prll_regstr_/q_reg/C
                                6.12           7.41          -1.29  (VIOLATED)
       PIN :   inst_controller/fifo_int/u_dp__1___dp3__D_reg/bit__47__prll_regstr_/q_reg/C
                                6.12           7.41          -1.29  (VIOLATED)
       PIN :   inst_controller/fifo_int/u_dp__1___dp3__D_reg/bit__33__prll_regstr_/q_reg/C
                                6.12           7.42          -1.31  (VIOLATED)
       PIN :   inst_controller/fifo_int/u_dp__1___dp3__D_reg/bit__34__prll_regstr_/q_reg/C
                                6.12           7.41          -1.29  (VIOLATED)
       PIN :   inst_controller/fifo_int/u_dp__1___dp3__D_reg/bit__35__prll_regstr_/q_reg/C
                                6.12           7.41          -1.29  (VIOLATED)
       PIN :   inst_controller/fifo_int/u_dp__1___dp3__D_reg/bit__36__prll_regstr_/q_reg/C
                                6.12           7.41          -1.29  (VIOLATED)
       PIN :   inst_controller/fifo_int/u_dp__1___dp3__D_reg/bit__37__prll_regstr_/q_reg/C
                                6.12           7.41          -1.29  (VIOLATED)
       PIN :   inst_controller/fifo_int/u_dp__1___dp3__D_reg/bit__24__prll_regstr_/q_reg/C
                                6.12           7.41          -1.29  (VIOLATED)
       PIN :   inst_controller/fifo_int/u_dp__1___dp3__D_reg/bit__25__prll_regstr_/q_reg/C
                                6.12           7.41          -1.29  (VIOLATED)
       PIN :   inst_controller/fifo_int/u_dp__1___dp3__D_reg/bit__30__prll_regstr_/q_reg/C
                                6.12           7.41          -1.29  (VIOLATED)
       PIN :   inst_controller/fifo_int/u_dp__1___dp3__D_reg/bit__18__prll_regstr_/q_reg/C
                                6.12           7.41          -1.29  (VIOLATED)
       PIN :   inst_controller/fifo_int/u_dp__1___dp3__D_reg/bit__21__prll_regstr_/q_reg/C
                                6.12           7.41          -1.29  (VIOLATED)
       PIN :   inst_controller/fifo_int/u_dp__1___dp3__D_reg/bit__23__prll_regstr_/q_reg/C
                                6.12           7.41          -1.29  (VIOLATED)
       PIN :   inst_controller/fifo_int/u_dp__1___dp3__D_reg/bit__9__prll_regstr_/q_reg/C
                                6.12           7.41          -1.29  (VIOLATED)
       PIN :   inst_controller/fifo_int/u_dp__1___dp3__D_reg/bit__10__prll_regstr_/q_reg/C
                                6.12           7.41          -1.29  (VIOLATED)
       PIN :   inst_controller/fifo_int/u_dp__1___dp3__D_reg/bit__14__prll_regstr_/q_reg/C
                                6.12           7.41          -1.29  (VIOLATED)
       PIN :   inst_controller/fifo_int/u_dp__1___dp3__D_reg/bit__15__prll_regstr_/q_reg/C
                                6.12           7.41          -1.29  (VIOLATED)
       PIN :   inst_controller/fifo_int/u_dp__1___dp3__D_reg/bit__1__prll_regstr_/q_reg/C
                                6.12           7.41          -1.29  (VIOLATED)
       PIN :   inst_controller/fifo_int/u_dp__1___dp3__D_reg/bit__2__prll_regstr_/q_reg/C
                                6.12           7.41          -1.29  (VIOLATED)
       PIN :   inst_controller/fifo_int/u_dp__1___dp3__D_reg/bit__4__prll_regstr_/q_reg/C
                                6.12           7.43          -1.31  (VIOLATED)
       PIN :   inst_controller/fifo_int/u_dp__1___dp3__D_reg/bit__6__prll_regstr_/q_reg/C
                                6.12           7.41          -1.29  (VIOLATED)
       PIN :   inst_controller/fifo_int/u_dp__2___dp3__D_reg/bit__58__prll_regstr_/q_reg/C
                                6.12           7.41          -1.29  (VIOLATED)
       PIN :   inst_controller/fifo_int/u_dp__2___dp3__D_reg/bit__44__prll_regstr_/q_reg/C
                                6.12           7.41          -1.29  (VIOLATED)
       PIN :   inst_controller/fifo_int/u_dp__2___dp3__D_reg/bit__46__prll_regstr_/q_reg/C
                                6.12           7.41          -1.29  (VIOLATED)
       PIN :   inst_controller/fifo_int/u_dp__2___dp3__D_reg/bit__35__prll_regstr_/q_reg/C
                                6.12           7.41          -1.29  (VIOLATED)
       PIN :   inst_controller/fifo_int/u_dp__2___dp3__D_reg/bit__39__prll_regstr_/q_reg/C
                                6.12           7.41          -1.29  (VIOLATED)
       PIN :   inst_controller/fifo_int/u_dp__2___dp3__D_reg/bit__26__prll_regstr_/q_reg/C
                                6.12           7.41          -1.29  (VIOLATED)
       PIN :   inst_controller/fifo_int/u_dp__2___dp3__D_reg/bit__30__prll_regstr_/q_reg/C
                                6.12           7.41          -1.29  (VIOLATED)
       PIN :   inst_controller/fifo_int/u_dp__2___dp3__D_reg/bit__18__prll_regstr_/q_reg/C
                                6.12           7.41          -1.29  (VIOLATED)
       PIN :   inst_controller/fifo_int/u_dp__2___dp3__D_reg/bit__22__prll_regstr_/q_reg/C
                                6.12           7.41          -1.29  (VIOLATED)
       PIN :   inst_controller/fifo_int/u_dp__2___dp3__D_reg/bit__9__prll_regstr_/q_reg/C
                                6.12           7.41          -1.29  (VIOLATED)
       PIN :   inst_controller/fifo_int/u_dp__2___dp3__D_reg/bit__11__prll_regstr_/q_reg/C
                                6.12           7.41          -1.29  (VIOLATED)
       PIN :   inst_controller/fifo_int/u_dp__2___dp3__D_reg/bit__14__prll_regstr_/q_reg/C
                                6.12           7.41          -1.29  (VIOLATED)
       PIN :   inst_controller/fifo_int/u_dp__2___dp3__D_reg/bit__1__prll_regstr_/q_reg/C
                                6.12           7.41          -1.29  (VIOLATED)
       PIN :   inst_controller/fifo_int/u_dp__2___dp3__D_reg/bit__3__prll_regstr_/q_reg/C
                                6.12           7.42          -1.31  (VIOLATED)
       PIN :   inst_controller/fifo_int/u_dp__2___dp3__D_reg/bit__5__prll_regstr_/q_reg/C
                                6.12           7.41          -1.29  (VIOLATED)
       PIN :   inst_controller/fifo_int/u_dp__2___dp3__D_reg/bit__7__prll_regstr_/q_reg/C
                                6.12           7.41          -1.29  (VIOLATED)
       PIN :   inst_controller/fifo_int/u_dp__0___dp2__D_reg/U3/A
                                6.12           7.41          -1.29  (VIOLATED)
       PIN :   inst_controller/fifo_int/u_dp__1___dp3__D_reg/U2/A
                                6.12           7.41          -1.29  (VIOLATED)
       PIN :   inst_controller/fifo_int/u_dp__2___dp3__D_reg/U2/A
                                6.12           7.41          -1.29  (VIOLATED)
       PIN :   inst_controller/maq_bus/U144/C
                                6.12           7.40          -1.29  (VIOLATED)
       PIN :   inst_controller/maq_bus/Push_int_reg/Q
                                5.15           7.40          -2.25  (VIOLATED)
       PIN :   inst_controller/fifo_int/U108/A
                                6.12           7.41          -1.29  (VIOLATED)
   inst_controller/boot_rdy     5.15           7.38          -2.23  (VIOLATED)
       PIN :   inst_controller/maq_core/U210/B
                                6.12           7.39          -1.27  (VIOLATED)
       PIN :   inst_controller/maq_core/U205/B
                                6.12           7.39          -1.27  (VIOLATED)
       PIN :   inst_controller/maq_bus/U424/A
                                6.12           7.39          -1.27  (VIOLATED)
       PIN :   inst_controller/maq_bus/U398/A
                                6.12           7.38          -1.27  (VIOLATED)
       PIN :   inst_controller/maq_bus/U395/D
                                6.12           7.38          -1.27  (VIOLATED)
       PIN :   inst_controller/maq_bus/U341/C
                                6.12           7.38          -1.27  (VIOLATED)
       PIN :   inst_controller/maq_bus/U421/BN
                                6.12           7.39          -1.27  (VIOLATED)
       PIN :   inst_controller/maq_bus/Boot_rdy_reg/Q
                                5.15           7.38          -2.23  (VIOLATED)
       PIN :   inst_controller/U121/B
                                6.12           7.39          -1.27  (VIOLATED)
       PIN :   inst_controller/U120/B
                                6.12           7.39          -1.27  (VIOLATED)
       PIN :   inst_controller/U119/B
                                6.12           7.41          -1.29  (VIOLATED)
       PIN :   inst_controller/U118/B
                                6.12           7.41          -1.29  (VIOLATED)
       PIN :   inst_controller/U117/B
                                6.12           7.41          -1.29  (VIOLATED)
       PIN :   inst_controller/U116/B
                                6.12           7.39          -1.27  (VIOLATED)
       PIN :   inst_controller/U115/B
                                6.12           7.39          -1.27  (VIOLATED)
       PIN :   inst_controller/U113/D
                                6.12           7.39          -1.27  (VIOLATED)
       PIN :   inst_controller/U129/B
                                6.12           7.39          -1.27  (VIOLATED)
       PIN :   inst_controller/U128/B
                                6.12           7.41          -1.29  (VIOLATED)
       PIN :   inst_controller/U127/B
                                6.12           7.39          -1.27  (VIOLATED)
       PIN :   inst_controller/U126/B
                                6.12           7.39          -1.27  (VIOLATED)
       PIN :   inst_controller/U125/B
                                6.12           7.41          -1.29  (VIOLATED)
       PIN :   inst_controller/U124/B
                                6.12           7.39          -1.27  (VIOLATED)
       PIN :   inst_controller/U123/B
                                6.12           7.41          -1.29  (VIOLATED)
       PIN :   inst_controller/U122/B
                                6.12           7.39          -1.27  (VIOLATED)
       PIN :   inst_controller/U138/B
                                6.12           7.39          -1.27  (VIOLATED)
       PIN :   inst_controller/U136/B
                                6.12           7.39          -1.27  (VIOLATED)
       PIN :   inst_controller/U135/B
                                6.12           7.39          -1.27  (VIOLATED)
       PIN :   inst_controller/U134/B
                                6.12           7.39          -1.27  (VIOLATED)
       PIN :   inst_controller/U133/B
                                6.12           7.39          -1.27  (VIOLATED)
       PIN :   inst_controller/U132/B
                                6.12           7.39          -1.27  (VIOLATED)
       PIN :   inst_controller/U131/B
                                6.12           7.39          -1.27  (VIOLATED)
       PIN :   inst_controller/U130/B
                                6.12           7.39          -1.27  (VIOLATED)
       PIN :   inst_controller/U230/B
                                6.12           7.39          -1.27  (VIOLATED)
       PIN :   inst_controller/U229/B
                                6.12           7.39          -1.27  (VIOLATED)
       PIN :   inst_controller/U228/B
                                6.12           7.39          -1.27  (VIOLATED)
       PIN :   inst_controller/U227/D
                                6.12           7.39          -1.27  (VIOLATED)
       PIN :   inst_controller/U226/D
                                6.12           7.39          -1.27  (VIOLATED)
       PIN :   inst_controller/U145/B
                                6.12           7.39          -1.27  (VIOLATED)
       PIN :   inst_controller/U143/B
                                6.12           7.39          -1.27  (VIOLATED)
       PIN :   inst_controller/U141/B
                                6.12           7.39          -1.27  (VIOLATED)
       PIN :   inst_controller/U238/B
                                6.12           7.39          -1.27  (VIOLATED)
       PIN :   inst_controller/U237/B
                                6.12           7.39          -1.27  (VIOLATED)
       PIN :   inst_controller/U236/B
                                6.12           7.39          -1.27  (VIOLATED)
       PIN :   inst_controller/U235/B
                                6.12           7.39          -1.27  (VIOLATED)
       PIN :   inst_controller/U234/B
                                6.12           7.39          -1.27  (VIOLATED)
       PIN :   inst_controller/U233/B
                                6.12           7.39          -1.27  (VIOLATED)
       PIN :   inst_controller/U232/B
                                6.12           7.39          -1.27  (VIOLATED)
       PIN :   inst_controller/U231/B
                                6.12           7.39          -1.27  (VIOLATED)
       PIN :   inst_controller/U286/A
                                6.12           7.39          -1.27  (VIOLATED)
       PIN :   inst_controller/U104/B
                                6.12           7.39          -1.27  (VIOLATED)
       PIN :   inst_controller/U8/A
                                6.12           7.39          -1.27  (VIOLATED)
       PIN :   inst_controller/U6/A
                                6.12           7.39          -1.27  (VIOLATED)
       PIN :   inst_controller/U3/A
                                6.12           7.39          -1.27  (VIOLATED)
       PIN :   inst_controller/U264/B
                                6.12           7.39          -1.27  (VIOLATED)
       PIN :   inst_controller/U251/B
                                6.12           7.39          -1.27  (VIOLATED)
       PIN :   inst_controller/U240/B
                                6.12           7.39          -1.27  (VIOLATED)
       PIN :   inst_controller/U306/A
                                6.12           7.39          -1.27  (VIOLATED)
       PIN :   inst_controller/U304/A
                                6.12           7.39          -1.27  (VIOLATED)
       PIN :   inst_controller/U302/A
                                6.12           7.39          -1.27  (VIOLATED)
       PIN :   inst_controller/U300/A
                                6.12           7.39          -1.27  (VIOLATED)
       PIN :   inst_controller/U298/A
                                6.12           7.39          -1.27  (VIOLATED)
       PIN :   inst_controller/U297/A
                                6.12           7.39          -1.27  (VIOLATED)
   inst_controller/maq_core/n377
                                5.30           7.49          -2.18  (VIOLATED)
       PIN :   inst_controller/maq_core/U457/C
                                6.12           7.49          -1.37  (VIOLATED)
       PIN :   inst_controller/maq_core/U456/C
                                6.12           7.49          -1.37  (VIOLATED)
       PIN :   inst_controller/maq_core/U455/C
                                6.12           7.49          -1.37  (VIOLATED)
       PIN :   inst_controller/maq_core/U454/C
                                6.12           7.49          -1.37  (VIOLATED)
       PIN :   inst_controller/maq_core/U427/C
                                6.12           7.49          -1.37  (VIOLATED)
       PIN :   inst_controller/maq_core/U47/A
                                6.12           7.49          -1.37  (VIOLATED)
       PIN :   inst_controller/maq_core/U467/C
                                6.12           7.49          -1.37  (VIOLATED)
       PIN :   inst_controller/maq_core/U466/C
                                6.12           7.49          -1.37  (VIOLATED)
       PIN :   inst_controller/maq_core/U465/C
                                6.12           7.49          -1.37  (VIOLATED)
       PIN :   inst_controller/maq_core/U464/C
                                6.12           7.49          -1.37  (VIOLATED)
       PIN :   inst_controller/maq_core/U463/C
                                6.12           7.49          -1.37  (VIOLATED)
       PIN :   inst_controller/maq_core/U462/C
                                6.12           7.49          -1.37  (VIOLATED)
       PIN :   inst_controller/maq_core/U461/C
                                6.12           7.49          -1.37  (VIOLATED)
       PIN :   inst_controller/maq_core/U460/C
                                6.12           7.49          -1.37  (VIOLATED)
       PIN :   inst_controller/maq_core/U475/D
                                6.12           7.49          -1.37  (VIOLATED)
       PIN :   inst_controller/maq_core/U474/D
                                6.12           7.49          -1.37  (VIOLATED)
       PIN :   inst_controller/maq_core/U473/D
                                6.12           7.49          -1.37  (VIOLATED)
       PIN :   inst_controller/maq_core/U472/D
                                6.12           7.49          -1.37  (VIOLATED)
       PIN :   inst_controller/maq_core/U471/C
                                6.12           7.49          -1.37  (VIOLATED)
       PIN :   inst_controller/maq_core/U470/C
                                6.12           7.49          -1.37  (VIOLATED)
       PIN :   inst_controller/maq_core/U469/C
                                6.12           7.49          -1.37  (VIOLATED)
       PIN :   inst_controller/maq_core/U468/C
                                6.12           7.49          -1.37  (VIOLATED)
       PIN :   inst_controller/maq_core/U484/D
                                6.12           7.49          -1.37  (VIOLATED)
       PIN :   inst_controller/maq_core/U483/D
                                6.12           7.49          -1.37  (VIOLATED)
       PIN :   inst_controller/maq_core/U480/D
                                6.12           7.49          -1.37  (VIOLATED)
       PIN :   inst_controller/maq_core/U479/D
                                6.12           7.49          -1.37  (VIOLATED)
       PIN :   inst_controller/maq_core/U478/D
                                6.12           7.49          -1.37  (VIOLATED)
       PIN :   inst_controller/maq_core/U477/D
                                6.12           7.49          -1.37  (VIOLATED)
       PIN :   inst_controller/maq_core/U476/D
                                6.12           7.49          -1.37  (VIOLATED)
       PIN :   inst_controller/maq_core/U485/Q
                                5.30           7.49          -2.18  (VIOLATED)
   d_push[10]                   5.23           7.40          -2.17  (VIOLATED)
       PIN :   inst_controller/U78/Q
                                5.23           7.40          -2.17  (VIOLATED)
   inst_controller/n6           5.31           7.49          -2.17  (VIOLATED)
       PIN :   inst_controller/U131/D
                                6.12           7.47          -1.35  (VIOLATED)
       PIN :   inst_controller/U130/D
                                6.12           7.47          -1.35  (VIOLATED)
       PIN :   inst_controller/U128/D
                                6.12           7.47          -1.36  (VIOLATED)
       PIN :   inst_controller/U124/D
                                6.12           7.48          -1.37  (VIOLATED)
       PIN :   inst_controller/U122/D
                                6.12           7.47          -1.36  (VIOLATED)
       PIN :   inst_controller/U121/D
                                6.12           7.47          -1.36  (VIOLATED)
       PIN :   inst_controller/U112/B
                                6.12           7.48          -1.36  (VIOLATED)
       PIN :   inst_controller/U228/D
                                6.12           7.47          -1.36  (VIOLATED)
       PIN :   inst_controller/U144/D
                                6.12           7.47          -1.35  (VIOLATED)
       PIN :   inst_controller/U142/D
                                6.12           7.48          -1.37  (VIOLATED)
       PIN :   inst_controller/U140/D
                                6.12           7.48          -1.37  (VIOLATED)
       PIN :   inst_controller/U138/D
                                6.12           7.47          -1.35  (VIOLATED)
       PIN :   inst_controller/U136/D
                                6.12           7.47          -1.35  (VIOLATED)
       PIN :   inst_controller/U134/D
                                6.12           7.48          -1.36  (VIOLATED)
       PIN :   inst_controller/U132/D
                                6.12           7.47          -1.36  (VIOLATED)
       PIN :   inst_controller/U251/D
                                6.12           7.47          -1.35  (VIOLATED)
       PIN :   inst_controller/U240/D
                                6.12           7.48          -1.36  (VIOLATED)
       PIN :   inst_controller/U238/D
                                6.12           7.47          -1.36  (VIOLATED)
       PIN :   inst_controller/U234/D
                                6.12           7.47          -1.36  (VIOLATED)
       PIN :   inst_controller/U232/D
                                6.12           7.47          -1.36  (VIOLATED)
       PIN :   inst_controller/U231/D
                                6.12           7.47          -1.36  (VIOLATED)
       PIN :   inst_controller/U230/D
                                6.12           7.47          -1.36  (VIOLATED)
       PIN :   inst_controller/U29/A
                                6.12           7.47          -1.36  (VIOLATED)
       PIN :   inst_controller/U26/A
                                6.12           7.48          -1.36  (VIOLATED)
       PIN :   inst_controller/U23/A
                                6.12           7.48          -1.36  (VIOLATED)
       PIN :   inst_controller/U21/A
                                6.12           7.48          -1.36  (VIOLATED)
       PIN :   inst_controller/U20/A
                                6.12           7.48          -1.36  (VIOLATED)
       PIN :   inst_controller/U19/A
                                6.12           7.48          -1.36  (VIOLATED)
       PIN :   inst_controller/U16/A
                                6.12           7.48          -1.36  (VIOLATED)
       PIN :   inst_controller/U13/A
                                6.12           7.48          -1.37  (VIOLATED)
       PIN :   inst_controller/U56/B
                                6.12           7.47          -1.36  (VIOLATED)
       PIN :   inst_controller/U55/B
                                6.12           7.47          -1.36  (VIOLATED)
       PIN :   inst_controller/U53/B
                                6.12           7.47          -1.36  (VIOLATED)
       PIN :   inst_controller/U52/B
                                6.12           7.47          -1.36  (VIOLATED)
       PIN :   inst_controller/U49/B
                                6.12           7.48          -1.36  (VIOLATED)
       PIN :   inst_controller/U47/B
                                6.12           7.48          -1.36  (VIOLATED)
       PIN :   inst_controller/U46/B
                                6.12           7.48          -1.36  (VIOLATED)
       PIN :   inst_controller/U30/A
                                6.12           7.48          -1.36  (VIOLATED)
       PIN :   inst_controller/U81/B
                                6.12           7.48          -1.36  (VIOLATED)
       PIN :   inst_controller/U80/B
                                6.12           7.48          -1.37  (VIOLATED)
       PIN :   inst_controller/U67/B
                                6.12           7.47          -1.35  (VIOLATED)
       PIN :   inst_controller/U65/B
                                6.12           7.47          -1.35  (VIOLATED)
       PIN :   inst_controller/U64/B
                                6.12           7.47          -1.35  (VIOLATED)
       PIN :   inst_controller/U61/B
                                6.12           7.47          -1.35  (VIOLATED)
       PIN :   inst_controller/U59/B
                                6.12           7.47          -1.35  (VIOLATED)
       PIN :   inst_controller/U58/B
                                6.12           7.47          -1.35  (VIOLATED)
       PIN :   inst_controller/U89/B
                                6.12           7.48          -1.36  (VIOLATED)
       PIN :   inst_controller/U88/B
                                6.12           7.48          -1.36  (VIOLATED)
       PIN :   inst_controller/U87/B
                                6.12           7.48          -1.36  (VIOLATED)
       PIN :   inst_controller/U86/B
                                6.12           7.48          -1.36  (VIOLATED)
       PIN :   inst_controller/U85/B
                                6.12           7.48          -1.36  (VIOLATED)
       PIN :   inst_controller/U84/B
                                6.12           7.48          -1.36  (VIOLATED)
       PIN :   inst_controller/U83/B
                                6.12           7.48          -1.36  (VIOLATED)
       PIN :   inst_controller/U82/B
                                6.12           7.48          -1.36  (VIOLATED)
       PIN :   inst_controller/U103/B
                                6.12           7.48          -1.36  (VIOLATED)
       PIN :   inst_controller/U101/B
                                6.12           7.47          -1.35  (VIOLATED)
       PIN :   inst_controller/U99/B
                                6.12           7.48          -1.36  (VIOLATED)
       PIN :   inst_controller/U97/B
                                6.12           7.48          -1.36  (VIOLATED)
       PIN :   inst_controller/U95/B
                                6.12           7.48          -1.36  (VIOLATED)
       PIN :   inst_controller/U93/B
                                6.12           7.48          -1.36  (VIOLATED)
       PIN :   inst_controller/U91/B
                                6.12           7.48          -1.37  (VIOLATED)
       PIN :   inst_controller/U90/B
                                6.12           7.47          -1.36  (VIOLATED)
       PIN :   inst_controller/U5/Q
                                5.31           7.49          -2.17  (VIOLATED)
   inst_controller/maq_core/n63
                                5.21           7.34          -2.13  (VIOLATED)
       PIN :   inst_controller/maq_core/Address_reg_reg_26_/RN
                                6.12           7.34          -1.22  (VIOLATED)
       PIN :   inst_controller/maq_core/Address_reg_reg_25_/RN
                                6.12           7.34          -1.22  (VIOLATED)
       PIN :   inst_controller/maq_core/Address_reg_reg_24_/RN
                                6.12           7.34          -1.22  (VIOLATED)
       PIN :   inst_controller/maq_core/Address_reg_reg_23_/RN
                                6.12           7.34          -1.22  (VIOLATED)
       PIN :   inst_controller/maq_core/Address_reg_reg_22_/RN
                                6.12           7.34          -1.22  (VIOLATED)
       PIN :   inst_controller/maq_core/Address_reg_reg_21_/RN
                                6.12           7.34          -1.22  (VIOLATED)
       PIN :   inst_controller/maq_core/Address_reg_reg_20_/RN
                                6.12           7.34          -1.22  (VIOLATED)
       PIN :   inst_controller/maq_core/Address_reg_reg_19_/RN
                                6.12           7.36          -1.25  (VIOLATED)
       PIN :   inst_controller/maq_core/D_sys_core_reg_3_/RN
                                6.12           7.36          -1.25  (VIOLATED)
       PIN :   inst_controller/maq_core/D_sys_core_reg_9_/RN
                                6.12           7.34          -1.22  (VIOLATED)
       PIN :   inst_controller/maq_core/Data_Write_reg_reg_0_/RN
                                6.12           7.36          -1.24  (VIOLATED)
       PIN :   inst_controller/maq_core/Address_reg_reg_31_/RN
                                6.12           7.34          -1.22  (VIOLATED)
       PIN :   inst_controller/maq_core/Address_reg_reg_30_/RN
                                6.12           7.34          -1.22  (VIOLATED)
       PIN :   inst_controller/maq_core/Address_reg_reg_29_/RN
                                6.12           7.34          -1.22  (VIOLATED)
       PIN :   inst_controller/maq_core/Address_reg_reg_28_/RN
                                6.12           7.34          -1.22  (VIOLATED)
       PIN :   inst_controller/maq_core/Address_reg_reg_27_/RN
                                6.12           7.34          -1.22  (VIOLATED)
       PIN :   inst_controller/maq_core/mtime_a_reg_25_/RN
                                6.12           7.34          -1.22  (VIOLATED)
       PIN :   inst_controller/maq_core/mtime_a_reg_19_/RN
                                6.12           7.34          -1.22  (VIOLATED)
       PIN :   inst_controller/maq_core/mtimecmp_b_reg_0_/RN
                                6.12           7.34          -1.22  (VIOLATED)
       PIN :   inst_controller/maq_core/D_push_core_reg_31_/RN
                                6.12           7.34          -1.22  (VIOLATED)
       PIN :   inst_controller/maq_core/D_push_core_reg_24_/RN
                                6.12           7.36          -1.24  (VIOLATED)
       PIN :   inst_controller/maq_core/D_push_core_reg_16_/RN
                                6.12           7.36          -1.24  (VIOLATED)
       PIN :   inst_controller/maq_core/D_push_core_reg_4_/RN
                                6.12           7.34          -1.22  (VIOLATED)
       PIN :   inst_controller/maq_core/D_push_core_reg_43_/RN
                                6.12           7.34          -1.22  (VIOLATED)
       PIN :   inst_controller/maq_core/d_intr_error_reg_33_/RN
                                6.12           7.34          -1.22  (VIOLATED)
       PIN :   inst_controller/maq_core/d_intr_error_reg_49_/RN
                                6.12           7.34          -1.22  (VIOLATED)
       PIN :   inst_controller/maq_core/Data_Write_reg_reg_15_/RN
                                6.12           7.34          -1.22  (VIOLATED)
       PIN :   inst_controller/maq_core/Data_Write_reg_reg_22_/RN
                                6.12           7.34          -1.22  (VIOLATED)
       PIN :   inst_controller/maq_core/Data_Write_reg_reg_8_/RN
                                6.12           7.34          -1.22  (VIOLATED)
       PIN :   inst_controller/maq_core/watch_dog_reg_reg_12_/RN
                                6.12           7.34          -1.22  (VIOLATED)
       PIN :   inst_controller/maq_core/watch_dog_reg_reg_21_/RN
                                6.12           7.34          -1.22  (VIOLATED)
       PIN :   inst_controller/maq_core/U13/Q
                                5.21           7.34          -2.13  (VIOLATED)
   inst_controller/maq_bus/n88
                                5.31           7.42          -2.10  (VIOLATED)
       PIN :   inst_controller/maq_bus/Cod_op_reg_0_/RN
                                6.12           7.43          -1.31  (VIOLATED)
       PIN :   inst_controller/maq_bus/data_reg_20_/RN
                                6.12           7.42          -1.30  (VIOLATED)
       PIN :   inst_controller/maq_bus/dir_reg_1_/RN
                                6.12           7.43          -1.31  (VIOLATED)
       PIN :   inst_controller/maq_bus/Push_int_reg/RN
                                6.12           7.42          -1.30  (VIOLATED)
       PIN :   inst_controller/maq_bus/D_Push_int_reg_70_/RN
                                6.12           7.42          -1.30  (VIOLATED)
       PIN :   inst_controller/maq_bus/D_Push_int_reg_66_/RN
                                6.12           7.42          -1.30  (VIOLATED)
       PIN :   inst_controller/maq_bus/D_Push_int_reg_53_/RN
                                6.12           7.42          -1.30  (VIOLATED)
       PIN :   inst_controller/maq_bus/D_Push_int_reg_49_/RN
                                6.12           7.42          -1.30  (VIOLATED)
       PIN :   inst_controller/maq_bus/D_Push_int_reg_44_/RN
                                6.12           7.42          -1.30  (VIOLATED)
       PIN :   inst_controller/maq_bus/D_Intr_bus_reg_2_/RN
                                6.12           7.42          -1.30  (VIOLATED)
       PIN :   inst_controller/maq_bus/D_sys_bus_reg_4_/RN
                                6.12           7.42          -1.30  (VIOLATED)
       PIN :   inst_controller/maq_bus/D_sys_bus_reg_3_/RN
                                6.12           7.42          -1.30  (VIOLATED)
       PIN :   inst_controller/maq_bus/D_sys_bus_reg_1_/RN
                                6.12           7.42          -1.30  (VIOLATED)
       PIN :   inst_controller/maq_bus/D_Push_int_reg_55_/RN
                                6.12           7.42          -1.30  (VIOLATED)
       PIN :   inst_controller/maq_bus/dir_reg_23_/RN
                                6.12           7.42          -1.30  (VIOLATED)
       PIN :   inst_controller/maq_bus/D_Push_int_reg_32_/RN
                                6.12           7.42          -1.30  (VIOLATED)
       PIN :   inst_controller/maq_bus/dir_reg_0_/RN
                                6.12           7.43          -1.31  (VIOLATED)
       PIN :   inst_controller/maq_bus/D_Push_int_reg_33_/RN
                                6.12           7.42          -1.30  (VIOLATED)
       PIN :   inst_controller/maq_bus/D_sys_bus_reg_23_/RN
                                6.12           7.44          -1.32  (VIOLATED)
       PIN :   inst_controller/maq_bus/D_sys_bus_reg_22_/RN
                                6.12           7.43          -1.32  (VIOLATED)
       PIN :   inst_controller/maq_bus/D_sys_bus_reg_21_/RN
                                6.12           7.42          -1.30  (VIOLATED)
       PIN :   inst_controller/maq_bus/D_sys_bus_reg_20_/RN
                                6.12           7.43          -1.31  (VIOLATED)
       PIN :   inst_controller/maq_bus/D_sys_bus_reg_10_/RN
                                6.12           7.42          -1.30  (VIOLATED)
       PIN :   inst_controller/maq_bus/D_sys_bus_reg_9_/RN
                                6.12           7.42          -1.30  (VIOLATED)
       PIN :   inst_controller/maq_bus/D_sys_bus_reg_6_/RN
                                6.12           7.42          -1.30  (VIOLATED)
       PIN :   inst_controller/maq_bus/D_sys_bus_reg_5_/RN
                                6.12           7.42          -1.30  (VIOLATED)
       PIN :   inst_controller/maq_bus/U101/A
                                6.12           7.42          -1.30  (VIOLATED)
       PIN :   inst_controller/maq_bus/U91/A
                                6.12           7.43          -1.31  (VIOLATED)
       PIN :   inst_controller/maq_bus/A_sys_bus_reg_1_/RN
                                6.12           7.42          -1.30  (VIOLATED)
       PIN :   inst_controller/maq_bus/A_sys_bus_reg_6_/RN
                                6.12           7.42          -1.30  (VIOLATED)
       PIN :   inst_controller/maq_bus/A_sys_bus_reg_10_/RN
                                6.12           7.42          -1.30  (VIOLATED)
       PIN :   inst_controller/maq_bus/D_sys_bus_reg_0_/RN
                                6.12           7.42          -1.30  (VIOLATED)
       PIN :   inst_controller/maq_bus/D_sys_bus_reg_27_/RN
                                6.12           7.42          -1.30  (VIOLATED)
       PIN :   inst_controller/maq_bus/U115/Q
                                5.31           7.42          -2.10  (VIOLATED)
   inst_controller/maq_core/n67
                                5.21           7.31          -2.10  (VIOLATED)
       PIN :   inst_controller/maq_core/D_push_core_reg_28_/RN
                                6.12           7.31          -1.20  (VIOLATED)
       PIN :   inst_controller/maq_core/D_push_core_reg_21_/RN
                                6.12           7.31          -1.20  (VIOLATED)
       PIN :   inst_controller/maq_core/D_push_core_reg_19_/RN
                                6.12           7.31          -1.20  (VIOLATED)
       PIN :   inst_controller/maq_core/D_push_core_reg_7_/RN
                                6.12           7.31          -1.20  (VIOLATED)
       PIN :   inst_controller/maq_core/D_push_core_reg_44_/RN
                                6.12           7.31          -1.19  (VIOLATED)
       PIN :   inst_controller/maq_core/D_push_core_reg_35_/RN
                                6.12           7.31          -1.19  (VIOLATED)
       PIN :   inst_controller/maq_core/D_sys_core_reg_14_/RN
                                6.12           7.31          -1.20  (VIOLATED)
       PIN :   inst_controller/maq_core/A_sys_core_reg_4_/RN
                                6.12           7.31          -1.19  (VIOLATED)
       PIN :   inst_controller/maq_core/Data_Read_core_reg_31_/RN
                                6.12           7.31          -1.19  (VIOLATED)
       PIN :   inst_controller/maq_core/Push_core_reg/RN
                                6.12           7.31          -1.20  (VIOLATED)
       PIN :   inst_controller/maq_core/Mem_rdy_core_reg/RN
                                6.12           7.31          -1.20  (VIOLATED)
       PIN :   inst_controller/maq_core/watch_dog_reg_reg_2_/RN
                                6.12           7.31          -1.19  (VIOLATED)
       PIN :   inst_controller/maq_core/mtime_b_reg_6_/RN
                                6.12           7.31          -1.19  (VIOLATED)
       PIN :   inst_controller/maq_core/mtime_a_reg_28_/RN
                                6.12           7.31          -1.19  (VIOLATED)
       PIN :   inst_controller/maq_core/mtime_a_reg_22_/RN
                                6.12           7.31          -1.19  (VIOLATED)
       PIN :   inst_controller/maq_core/mtime_a_reg_16_/RN
                                6.12           7.31          -1.19  (VIOLATED)
       PIN :   inst_controller/maq_core/Data_Read_core_reg_23_/RN
                                6.12           7.31          -1.19  (VIOLATED)
       PIN :   inst_controller/maq_core/Data_Read_core_reg_24_/RN
                                6.12           7.31          -1.19  (VIOLATED)
       PIN :   inst_controller/maq_core/Data_Read_core_reg_25_/RN
                                6.12           7.31          -1.19  (VIOLATED)
       PIN :   inst_controller/maq_core/Data_Read_core_reg_26_/RN
                                6.12           7.31          -1.19  (VIOLATED)
       PIN :   inst_controller/maq_core/Data_Read_core_reg_27_/RN
                                6.12           7.31          -1.19  (VIOLATED)
       PIN :   inst_controller/maq_core/Data_Read_core_reg_28_/RN
                                6.12           7.31          -1.19  (VIOLATED)
       PIN :   inst_controller/maq_core/Data_Read_core_reg_29_/RN
                                6.12           7.31          -1.19  (VIOLATED)
       PIN :   inst_controller/maq_core/Data_Read_core_reg_30_/RN
                                6.12           7.31          -1.19  (VIOLATED)
       PIN :   inst_controller/maq_core/Data_Write_reg_reg_21_/RN
                                6.12           7.33          -1.21  (VIOLATED)
       PIN :   inst_controller/maq_core/Data_Write_reg_reg_31_/RN
                                6.12           7.33          -1.22  (VIOLATED)
       PIN :   inst_controller/maq_core/Data_Write_reg_reg_10_/RN
                                6.12           7.33          -1.21  (VIOLATED)
       PIN :   inst_controller/maq_core/state_reg_1_/SN
                                6.12           7.31          -1.20  (VIOLATED)
       PIN :   inst_controller/maq_core/Data_Read_core_reg_20_/RN
                                6.12           7.31          -1.19  (VIOLATED)
       PIN :   inst_controller/maq_core/Data_Read_core_reg_21_/RN
                                6.12           7.31          -1.19  (VIOLATED)
       PIN :   inst_controller/maq_core/Data_Read_core_reg_22_/RN
                                6.12           7.31          -1.19  (VIOLATED)
       PIN :   inst_controller/maq_core/U8/Q
                                5.21           7.31          -2.10  (VIOLATED)
   d_push[7]                    5.23           7.32          -2.09  (VIOLATED)
       PIN :   inst_controller/U75/Q
                                5.23           7.32          -2.09  (VIOLATED)
   inst_controller/maq_bus/n30
                                5.30           7.32          -2.01  (VIOLATED)
       PIN :   inst_controller/maq_bus/U316/A
                                6.12           7.32          -1.20  (VIOLATED)
       PIN :   inst_controller/maq_bus/U315/A
                                6.12           7.32          -1.20  (VIOLATED)
       PIN :   inst_controller/maq_bus/U313/A
                                6.12           7.32          -1.20  (VIOLATED)
       PIN :   inst_controller/maq_bus/U311/A
                                6.12           7.32          -1.20  (VIOLATED)
       PIN :   inst_controller/maq_bus/U309/A
                                6.12           7.32          -1.20  (VIOLATED)
       PIN :   inst_controller/maq_bus/U307/A
                                6.12           7.32          -1.20  (VIOLATED)
       PIN :   inst_controller/maq_bus/U305/A
                                6.12           7.32          -1.20  (VIOLATED)
       PIN :   inst_controller/maq_bus/U303/A
                                6.12           7.32          -1.20  (VIOLATED)
       PIN :   inst_controller/maq_bus/U324/A
                                6.12           7.32          -1.20  (VIOLATED)
       PIN :   inst_controller/maq_bus/U323/A
                                6.12           7.32          -1.20  (VIOLATED)
       PIN :   inst_controller/maq_bus/U322/A
                                6.12           7.32          -1.20  (VIOLATED)
       PIN :   inst_controller/maq_bus/U321/A
                                6.12           7.32          -1.20  (VIOLATED)
       PIN :   inst_controller/maq_bus/U320/A
                                6.12           7.32          -1.20  (VIOLATED)
       PIN :   inst_controller/maq_bus/U319/A
                                6.12           7.32          -1.20  (VIOLATED)
       PIN :   inst_controller/maq_bus/U318/A
                                6.12           7.32          -1.20  (VIOLATED)
       PIN :   inst_controller/maq_bus/U317/A
                                6.12           7.32          -1.20  (VIOLATED)
       PIN :   inst_controller/maq_bus/U332/A
                                6.12           7.32          -1.20  (VIOLATED)
       PIN :   inst_controller/maq_bus/U331/A
                                6.12           7.32          -1.20  (VIOLATED)
       PIN :   inst_controller/maq_bus/U330/A
                                6.12           7.32          -1.20  (VIOLATED)
       PIN :   inst_controller/maq_bus/U329/A
                                6.12           7.32          -1.20  (VIOLATED)
       PIN :   inst_controller/maq_bus/U328/A
                                6.12           7.32          -1.20  (VIOLATED)
       PIN :   inst_controller/maq_bus/U327/A
                                6.12           7.32          -1.20  (VIOLATED)
       PIN :   inst_controller/maq_bus/U326/A
                                6.12           7.32          -1.20  (VIOLATED)
       PIN :   inst_controller/maq_bus/U325/A
                                6.12           7.32          -1.20  (VIOLATED)
       PIN :   inst_controller/maq_bus/U340/A
                                6.12           7.32          -1.20  (VIOLATED)
       PIN :   inst_controller/maq_bus/U339/A
                                6.12           7.32          -1.20  (VIOLATED)
       PIN :   inst_controller/maq_bus/U338/A
                                6.12           7.32          -1.20  (VIOLATED)
       PIN :   inst_controller/maq_bus/U337/A
                                6.12           7.32          -1.20  (VIOLATED)
       PIN :   inst_controller/maq_bus/U336/A
                                6.12           7.32          -1.20  (VIOLATED)
       PIN :   inst_controller/maq_bus/U335/A
                                6.12           7.32          -1.20  (VIOLATED)
       PIN :   inst_controller/maq_bus/U334/A
                                6.12           7.32          -1.20  (VIOLATED)
       PIN :   inst_controller/maq_bus/U333/A
                                6.12           7.32          -1.20  (VIOLATED)
       PIN :   inst_controller/maq_bus/U102/Q
                                5.30           7.32          -2.01  (VIOLATED)
   inst_controller/maq_bus/n62
                                5.21           7.17          -1.96  (VIOLATED)
       PIN :   inst_controller/maq_bus/data_reg_28_/RN
                                6.12           7.17          -1.06  (VIOLATED)
       PIN :   inst_controller/maq_bus/D_Intr_bus_reg_26_/RN
                                6.12           7.18          -1.06  (VIOLATED)
       PIN :   inst_controller/maq_bus/D_Intr_bus_reg_31_/RN
                                6.12           7.18          -1.06  (VIOLATED)
       PIN :   inst_controller/maq_bus/D_Intr_bus_reg_38_/RN
                                6.12           7.18          -1.06  (VIOLATED)
       PIN :   inst_controller/maq_bus/D_Intr_bus_reg_49_/RN
                                6.12           7.18          -1.06  (VIOLATED)
       PIN :   inst_controller/maq_bus/D_Intr_bus_reg_56_/RN
                                6.12           7.18          -1.06  (VIOLATED)
       PIN :   inst_controller/maq_bus/data_reg_13_/RN
                                6.12           7.17          -1.06  (VIOLATED)
       PIN :   inst_controller/maq_bus/data_reg_21_/RN
                                6.12           7.17          -1.06  (VIOLATED)
       PIN :   inst_controller/maq_bus/data_reg_22_/RN
                                6.12           7.19          -1.08  (VIOLATED)
       PIN :   inst_controller/maq_bus/Data_Read_bus_reg_8_/RN
                                6.12           7.17          -1.06  (VIOLATED)
       PIN :   inst_controller/maq_bus/Data_Read_bus_reg_9_/RN
                                6.12           7.17          -1.06  (VIOLATED)
       PIN :   inst_controller/maq_bus/Data_Read_bus_reg_10_/RN
                                6.12           7.17          -1.06  (VIOLATED)
       PIN :   inst_controller/maq_bus/Data_Read_bus_reg_11_/RN
                                6.12           7.17          -1.06  (VIOLATED)
       PIN :   inst_controller/maq_bus/Data_Read_bus_reg_12_/RN
                                6.12           7.17          -1.06  (VIOLATED)
       PIN :   inst_controller/maq_bus/Data_Read_bus_reg_13_/RN
                                6.12           7.17          -1.06  (VIOLATED)
       PIN :   inst_controller/maq_bus/D_Intr_bus_reg_8_/RN
                                6.12           7.18          -1.06  (VIOLATED)
       PIN :   inst_controller/maq_bus/D_Intr_bus_reg_10_/RN
                                6.12           7.18          -1.06  (VIOLATED)
       PIN :   inst_controller/maq_bus/Data_Read_bus_reg_0_/RN
                                6.12           7.17          -1.06  (VIOLATED)
       PIN :   inst_controller/maq_bus/Data_Read_bus_reg_1_/RN
                                6.12           7.17          -1.06  (VIOLATED)
       PIN :   inst_controller/maq_bus/Data_Read_bus_reg_2_/RN
                                6.12           7.17          -1.06  (VIOLATED)
       PIN :   inst_controller/maq_bus/Data_Read_bus_reg_3_/RN
                                6.12           7.17          -1.06  (VIOLATED)
       PIN :   inst_controller/maq_bus/Data_Read_bus_reg_4_/RN
                                6.12           7.18          -1.06  (VIOLATED)
       PIN :   inst_controller/maq_bus/Data_Read_bus_reg_5_/RN
                                6.12           7.17          -1.06  (VIOLATED)
       PIN :   inst_controller/maq_bus/Data_Read_bus_reg_6_/RN
                                6.12           7.17          -1.06  (VIOLATED)
       PIN :   inst_controller/maq_bus/Data_Read_bus_reg_7_/RN
                                6.12           7.17          -1.06  (VIOLATED)
       PIN :   inst_controller/maq_bus/D_sys_bus_reg_24_/RN
                                6.12           7.17          -1.06  (VIOLATED)
       PIN :   inst_controller/maq_bus/D_sys_bus_reg_14_/RN
                                6.12           7.17          -1.06  (VIOLATED)
       PIN :   inst_controller/maq_bus/D_Push_int_reg_71_/RN
                                6.12           7.18          -1.06  (VIOLATED)
       PIN :   inst_controller/maq_bus/D_Push_int_reg_63_/RN
                                6.12           7.18          -1.06  (VIOLATED)
       PIN :   inst_controller/maq_bus/D_Push_int_reg_59_/RN
                                6.12           7.18          -1.06  (VIOLATED)
       PIN :   inst_controller/maq_bus/D_Push_int_reg_54_/RN
                                6.12           7.18          -1.06  (VIOLATED)
       PIN :   inst_controller/maq_bus/D_Push_int_reg_46_/RN
                                6.12           7.18          -1.06  (VIOLATED)
       PIN :   inst_controller/maq_bus/U94/Q
                                5.21           7.17          -1.96  (VIOLATED)
   inst_controller/maq_bus/n40
                                5.21           7.13          -1.92  (VIOLATED)
       PIN :   inst_controller/maq_bus/U269/B
                                6.12           7.15          -1.03  (VIOLATED)
       PIN :   inst_controller/maq_bus/U268/B
                                6.12           7.15          -1.03  (VIOLATED)
       PIN :   inst_controller/maq_bus/U267/B
                                6.12           7.14          -1.03  (VIOLATED)
       PIN :   inst_controller/maq_bus/U266/B
                                6.12           7.15          -1.03  (VIOLATED)
       PIN :   inst_controller/maq_bus/U265/B
                                6.12           7.14          -1.03  (VIOLATED)
       PIN :   inst_controller/maq_bus/U13/B
                                6.12           7.14          -1.03  (VIOLATED)
       PIN :   inst_controller/maq_bus/U277/B
                                6.12           7.15          -1.03  (VIOLATED)
       PIN :   inst_controller/maq_bus/U276/B
                                6.12           7.13          -1.01  (VIOLATED)
       PIN :   inst_controller/maq_bus/U275/B
                                6.12           7.13          -1.01  (VIOLATED)
       PIN :   inst_controller/maq_bus/U274/B
                                6.12           7.13          -1.01  (VIOLATED)
       PIN :   inst_controller/maq_bus/U273/B
                                6.12           7.13          -1.01  (VIOLATED)
       PIN :   inst_controller/maq_bus/U272/B
                                6.12           7.13          -1.01  (VIOLATED)
       PIN :   inst_controller/maq_bus/U271/B
                                6.12           7.15          -1.04  (VIOLATED)
       PIN :   inst_controller/maq_bus/U270/B
                                6.12           7.15          -1.03  (VIOLATED)
       PIN :   inst_controller/maq_bus/U285/B
                                6.12           7.13          -1.01  (VIOLATED)
       PIN :   inst_controller/maq_bus/U284/B
                                6.12           7.13          -1.01  (VIOLATED)
       PIN :   inst_controller/maq_bus/U283/B
                                6.12           7.13          -1.01  (VIOLATED)
       PIN :   inst_controller/maq_bus/U282/B
                                6.12           7.13          -1.01  (VIOLATED)
       PIN :   inst_controller/maq_bus/U281/B
                                6.12           7.13          -1.01  (VIOLATED)
       PIN :   inst_controller/maq_bus/U280/B
                                6.12           7.15          -1.03  (VIOLATED)
       PIN :   inst_controller/maq_bus/U279/B
                                6.12           7.15          -1.04  (VIOLATED)
       PIN :   inst_controller/maq_bus/U278/B
                                6.12           7.13          -1.01  (VIOLATED)
       PIN :   inst_controller/maq_bus/U293/B
                                6.12           7.15          -1.04  (VIOLATED)
       PIN :   inst_controller/maq_bus/U292/B
                                6.12           7.13          -1.01  (VIOLATED)
       PIN :   inst_controller/maq_bus/U291/B
                                6.12           7.15          -1.04  (VIOLATED)
       PIN :   inst_controller/maq_bus/U290/B
                                6.12           7.15          -1.03  (VIOLATED)
       PIN :   inst_controller/maq_bus/U289/B
                                6.12           7.15          -1.04  (VIOLATED)
       PIN :   inst_controller/maq_bus/U288/B
                                6.12           7.15          -1.04  (VIOLATED)
       PIN :   inst_controller/maq_bus/U287/B
                                6.12           7.15          -1.03  (VIOLATED)
       PIN :   inst_controller/maq_bus/U286/B
                                6.12           7.15          -1.03  (VIOLATED)
       PIN :   inst_controller/maq_bus/U359/B
                                6.12           7.15          -1.04  (VIOLATED)
       PIN :   inst_controller/maq_bus/U358/B
                                6.12           7.15          -1.03  (VIOLATED)
       PIN :   inst_controller/maq_bus/U357/B
                                6.12           7.15          -1.04  (VIOLATED)
       PIN :   inst_controller/maq_bus/U298/B
                                6.12           7.15          -1.03  (VIOLATED)
       PIN :   inst_controller/maq_bus/U297/B
                                6.12           7.15          -1.04  (VIOLATED)
       PIN :   inst_controller/maq_bus/U296/B
                                6.12           7.15          -1.04  (VIOLATED)
       PIN :   inst_controller/maq_bus/U295/B
                                6.12           7.15          -1.04  (VIOLATED)
       PIN :   inst_controller/maq_bus/U294/B
                                6.12           7.14          -1.03  (VIOLATED)
       PIN :   inst_controller/maq_bus/U367/B
                                6.12           7.15          -1.03  (VIOLATED)
       PIN :   inst_controller/maq_bus/U366/B
                                6.12           7.15          -1.03  (VIOLATED)
       PIN :   inst_controller/maq_bus/U365/B
                                6.12           7.14          -1.03  (VIOLATED)
       PIN :   inst_controller/maq_bus/U364/B
                                6.12           7.15          -1.03  (VIOLATED)
       PIN :   inst_controller/maq_bus/U363/B
                                6.12           7.15          -1.03  (VIOLATED)
       PIN :   inst_controller/maq_bus/U362/B
                                6.12           7.15          -1.04  (VIOLATED)
       PIN :   inst_controller/maq_bus/U361/B
                                6.12           7.15          -1.03  (VIOLATED)
       PIN :   inst_controller/maq_bus/U360/B
                                6.12           7.15          -1.03  (VIOLATED)
       PIN :   inst_controller/maq_bus/U379/B
                                6.12           7.13          -1.01  (VIOLATED)
       PIN :   inst_controller/maq_bus/U376/B
                                6.12           7.13          -1.01  (VIOLATED)
       PIN :   inst_controller/maq_bus/U373/B
                                6.12           7.15          -1.03  (VIOLATED)
       PIN :   inst_controller/maq_bus/U372/B
                                6.12           7.15          -1.04  (VIOLATED)
       PIN :   inst_controller/maq_bus/U371/B
                                6.12           7.15          -1.03  (VIOLATED)
       PIN :   inst_controller/maq_bus/U370/B
                                6.12           7.15          -1.04  (VIOLATED)
       PIN :   inst_controller/maq_bus/U369/B
                                6.12           7.14          -1.03  (VIOLATED)
       PIN :   inst_controller/maq_bus/U368/B
                                6.12           7.15          -1.04  (VIOLATED)
       PIN :   inst_controller/maq_bus/U394/B
                                6.12           7.14          -1.03  (VIOLATED)
       PIN :   inst_controller/maq_bus/U393/A
                                6.12           7.15          -1.03  (VIOLATED)
       PIN :   inst_controller/maq_bus/U389/B
                                6.12           7.15          -1.03  (VIOLATED)
       PIN :   inst_controller/maq_bus/U388/B
                                6.12           7.14          -1.03  (VIOLATED)
       PIN :   inst_controller/maq_bus/U383/B
                                6.12           7.15          -1.04  (VIOLATED)
       PIN :   inst_controller/maq_bus/U381/B
                                6.12           7.13          -1.01  (VIOLATED)
       PIN :   inst_controller/maq_bus/U380/B
                                6.12           7.15          -1.03  (VIOLATED)
       PIN :   inst_controller/maq_bus/U125/Q
                                5.21           7.13          -1.92  (VIOLATED)
   d_push[11]                   5.23           7.08          -1.86  (VIOLATED)
       PIN :   inst_controller/U79/Q
                                5.23           7.08          -1.86  (VIOLATED)
   d_push[6]                    5.23           7.08          -1.85  (VIOLATED)
       PIN :   inst_controller/U74/Q
                                5.23           7.08          -1.85  (VIOLATED)
   inst_controller/maq_core/n66
                                5.21           7.01          -1.80  (VIOLATED)
       PIN :   inst_controller/maq_core/mtime_a_reg_23_/RN
                                6.12           7.02          -0.91  (VIOLATED)
       PIN :   inst_controller/maq_core/mtime_a_reg_17_/RN
                                6.12           7.02          -0.90  (VIOLATED)
       PIN :   inst_controller/maq_core/D_push_core_reg_29_/RN
                                6.12           7.02          -0.91  (VIOLATED)
       PIN :   inst_controller/maq_core/D_push_core_reg_22_/RN
                                6.12           7.02          -0.91  (VIOLATED)
       PIN :   inst_controller/maq_core/D_push_core_reg_20_/RN
                                6.12           7.02          -0.91  (VIOLATED)
       PIN :   inst_controller/maq_core/D_push_core_reg_8_/RN
                                6.12           7.02          -0.91  (VIOLATED)
       PIN :   inst_controller/maq_core/D_push_core_reg_48_/RN
                                6.12           7.02          -0.91  (VIOLATED)
       PIN :   inst_controller/maq_core/D_sys_core_reg_18_/RN
                                6.12           7.02          -0.90  (VIOLATED)
       PIN :   inst_controller/maq_core/Data_Read_core_reg_16_/RN
                                6.12           7.02          -0.91  (VIOLATED)
       PIN :   inst_controller/maq_core/Data_Read_core_reg_17_/RN
                                6.12           7.02          -0.90  (VIOLATED)
       PIN :   inst_controller/maq_core/Data_Read_core_reg_18_/RN
                                6.12           7.02          -0.90  (VIOLATED)
       PIN :   inst_controller/maq_core/Data_Read_core_reg_19_/RN
                                6.12           7.01          -0.90  (VIOLATED)
       PIN :   inst_controller/maq_core/watch_dog_reg_reg_11_/RN
                                6.12           7.03          -0.92  (VIOLATED)
       PIN :   inst_controller/maq_core/mtime_b_reg_22_/RN
                                6.12           7.01          -0.89  (VIOLATED)
       PIN :   inst_controller/maq_core/mtime_b_reg_0_/RN
                                6.12           7.03          -0.91  (VIOLATED)
       PIN :   inst_controller/maq_core/mtime_a_reg_29_/RN
                                6.12           7.02          -0.90  (VIOLATED)
       PIN :   inst_controller/maq_core/Data_Read_core_reg_8_/RN
                                6.12           7.03          -0.91  (VIOLATED)
       PIN :   inst_controller/maq_core/Data_Read_core_reg_9_/RN
                                6.12           7.03          -0.91  (VIOLATED)
       PIN :   inst_controller/maq_core/Data_Read_core_reg_10_/RN
                                6.12           7.03          -0.91  (VIOLATED)
       PIN :   inst_controller/maq_core/Data_Read_core_reg_11_/RN
                                6.12           7.03          -0.91  (VIOLATED)
       PIN :   inst_controller/maq_core/Data_Read_core_reg_12_/RN
                                6.12           7.02          -0.91  (VIOLATED)
       PIN :   inst_controller/maq_core/Data_Read_core_reg_13_/RN
                                6.12           7.02          -0.90  (VIOLATED)
       PIN :   inst_controller/maq_core/Data_Read_core_reg_14_/RN
                                6.12           7.02          -0.91  (VIOLATED)
       PIN :   inst_controller/maq_core/Data_Read_core_reg_15_/RN
                                6.12           7.02          -0.90  (VIOLATED)
       PIN :   inst_controller/maq_core/d_intr_error_reg_39_/RN
                                6.12           7.03          -0.91  (VIOLATED)
       PIN :   inst_controller/maq_core/d_intr_error_reg_52_/RN
                                6.12           7.03          -0.91  (VIOLATED)
       PIN :   inst_controller/maq_core/d_intr_error_reg_55_/RN
                                6.12           7.03          -0.91  (VIOLATED)
       PIN :   inst_controller/maq_core/Data_Write_reg_reg_24_/RN
                                6.12           7.02          -0.91  (VIOLATED)
       PIN :   inst_controller/maq_core/Data_Write_reg_reg_11_/RN
                                6.12           7.02          -0.91  (VIOLATED)
       PIN :   inst_controller/maq_core/Data_Read_core_reg_6_/RN
                                6.12           7.03          -0.91  (VIOLATED)
       PIN :   inst_controller/maq_core/Data_Read_core_reg_7_/RN
                                6.12           7.03          -0.91  (VIOLATED)
       PIN :   inst_controller/maq_core/U7/Q
                                5.21           7.01          -1.80  (VIOLATED)
   inst_controller/maq_bus/n85
                                5.21           6.96          -1.75  (VIOLATED)
       PIN :   inst_controller/maq_bus/data_reg_26_/RN
                                6.12           6.98          -0.86  (VIOLATED)
       PIN :   inst_controller/maq_bus/Pop_bus_reg/RN
                                6.12           6.97          -0.85  (VIOLATED)
       PIN :   inst_controller/maq_bus/kp_wtng_reg/RN
                                6.12           6.97          -0.86  (VIOLATED)
       PIN :   inst_controller/maq_bus/Cod_op_reg_5_/RN
                                6.12           6.97          -0.86  (VIOLATED)
       PIN :   inst_controller/maq_bus/Cod_op_reg_6_/RN
                                6.12           6.97          -0.85  (VIOLATED)
       PIN :   inst_controller/maq_bus/Dest_reg_4_/RN
                                6.12           6.97          -0.85  (VIOLATED)
       PIN :   inst_controller/maq_bus/Dest_reg_6_/RN
                                6.12           6.97          -0.86  (VIOLATED)
       PIN :   inst_controller/maq_bus/data_reg_15_/RN
                                6.12           6.98          -0.86  (VIOLATED)
       PIN :   inst_controller/maq_bus/data_reg_18_/RN
                                6.12           6.98          -0.86  (VIOLATED)
       PIN :   inst_controller/maq_bus/data_reg_19_/RN
                                6.12           6.97          -0.86  (VIOLATED)
       PIN :   inst_controller/maq_bus/data_reg_24_/RN
                                6.12           6.98          -0.86  (VIOLATED)
       PIN :   inst_controller/maq_bus/D_Push_int_reg_69_/RN
                                6.12           6.98          -0.86  (VIOLATED)
       PIN :   inst_controller/maq_bus/D_Push_int_reg_68_/RN
                                6.12           6.98          -0.86  (VIOLATED)
       PIN :   inst_controller/maq_bus/D_Push_int_reg_52_/RN
                                6.12           6.98          -0.86  (VIOLATED)
       PIN :   inst_controller/maq_bus/Read_done_reg/RN
                                6.12           6.98          -0.86  (VIOLATED)
       PIN :   inst_controller/maq_bus/Push_bus_reg/RN
                                6.12           6.98          -0.86  (VIOLATED)
       PIN :   inst_controller/maq_bus/D_Intr_bus_reg_57_/RN
                                6.12           6.97          -0.86  (VIOLATED)
       PIN :   inst_controller/maq_bus/D_Intr_bus_reg_9_/RN
                                6.12           6.97          -0.86  (VIOLATED)
       PIN :   inst_controller/maq_bus/state_reg_2_/SN
                                6.12           6.97          -0.86  (VIOLATED)
       PIN :   inst_controller/maq_bus/D_Push_bus_reg_72_/SN
                                6.12           6.98          -0.86  (VIOLATED)
       PIN :   inst_controller/maq_bus/A_sys_bus_reg_7_/RN
                                6.12           6.98          -0.86  (VIOLATED)
       PIN :   inst_controller/maq_bus/D_sys_bus_reg_29_/RN
                                6.12           6.96          -0.84  (VIOLATED)
       PIN :   inst_controller/maq_bus/D_sys_bus_reg_26_/RN
                                6.12           6.98          -0.86  (VIOLATED)
       PIN :   inst_controller/maq_bus/D_sys_bus_reg_15_/RN
                                6.12           6.97          -0.86  (VIOLATED)
       PIN :   inst_controller/maq_bus/D_sys_bus_reg_12_/RN
                                6.12           6.97          -0.86  (VIOLATED)
       PIN :   inst_controller/maq_bus/D_sys_bus_reg_7_/RN
                                6.12           6.97          -0.86  (VIOLATED)
       PIN :   inst_controller/maq_bus/D_sys_bus_reg_2_/RN
                                6.12           6.96          -0.84  (VIOLATED)
       PIN :   inst_controller/maq_bus/U98/A
                                6.12           6.97          -0.85  (VIOLATED)
       PIN :   inst_controller/maq_bus/U95/A
                                6.12           6.98          -0.86  (VIOLATED)
       PIN :   inst_controller/maq_bus/U94/A
                                6.12           6.96          -0.84  (VIOLATED)
       PIN :   inst_controller/maq_bus/U93/A
                                6.12           6.97          -0.85  (VIOLATED)
       PIN :   inst_controller/maq_bus/U92/A
                                6.12           6.98          -0.86  (VIOLATED)
       PIN :   inst_controller/maq_bus/state_reg_0_/SN
                                6.12           6.97          -0.85  (VIOLATED)
       PIN :   inst_controller/maq_bus/D_Push_bus_reg_58_/SN
                                6.12           6.98          -0.86  (VIOLATED)
       PIN :   inst_controller/maq_bus/U101/Q
                                5.21           6.96          -1.75  (VIOLATED)
   inst_controller/fifo_int/u_dp__2___dp3__D_reg/n1
                                5.21           6.95          -1.74  (VIOLATED)
       PIN :   inst_controller/fifo_int/u_dp__2___dp3__D_reg/bit__64__prll_regstr_/q_reg/C
                                6.12           6.95          -0.84  (VIOLATED)
       PIN :   inst_controller/fifo_int/u_dp__2___dp3__D_reg/bit__65__prll_regstr_/q_reg/C
                                6.12           6.95          -0.84  (VIOLATED)
       PIN :   inst_controller/fifo_int/u_dp__2___dp3__D_reg/bit__66__prll_regstr_/q_reg/C
                                6.12           6.95          -0.84  (VIOLATED)
       PIN :   inst_controller/fifo_int/u_dp__2___dp3__D_reg/bit__67__prll_regstr_/q_reg/C
                                6.12           6.95          -0.84  (VIOLATED)
       PIN :   inst_controller/fifo_int/u_dp__2___dp3__D_reg/bit__68__prll_regstr_/q_reg/C
                                6.12           6.95          -0.84  (VIOLATED)
       PIN :   inst_controller/fifo_int/u_dp__2___dp3__D_reg/bit__69__prll_regstr_/q_reg/C
                                6.12           6.95          -0.84  (VIOLATED)
       PIN :   inst_controller/fifo_int/u_dp__2___dp3__D_reg/bit__70__prll_regstr_/q_reg/C
                                6.12           6.95          -0.84  (VIOLATED)
       PIN :   inst_controller/fifo_int/u_dp__2___dp3__D_reg/bit__71__prll_regstr_/q_reg/C
                                6.12           6.95          -0.84  (VIOLATED)
       PIN :   inst_controller/fifo_int/u_dp__2___dp3__D_reg/bit__56__prll_regstr_/q_reg/C
                                6.12           6.96          -0.85  (VIOLATED)
       PIN :   inst_controller/fifo_int/u_dp__2___dp3__D_reg/bit__57__prll_regstr_/q_reg/C
                                6.12           6.95          -0.84  (VIOLATED)
       PIN :   inst_controller/fifo_int/u_dp__2___dp3__D_reg/bit__59__prll_regstr_/q_reg/C
                                6.12           6.95          -0.84  (VIOLATED)
       PIN :   inst_controller/fifo_int/u_dp__2___dp3__D_reg/bit__60__prll_regstr_/q_reg/C
                                6.12           6.95          -0.84  (VIOLATED)
       PIN :   inst_controller/fifo_int/u_dp__2___dp3__D_reg/bit__61__prll_regstr_/q_reg/C
                                6.12           6.95          -0.84  (VIOLATED)
       PIN :   inst_controller/fifo_int/u_dp__2___dp3__D_reg/bit__62__prll_regstr_/q_reg/C
                                6.12           6.95          -0.84  (VIOLATED)
       PIN :   inst_controller/fifo_int/u_dp__2___dp3__D_reg/bit__63__prll_regstr_/q_reg/C
                                6.12           6.95          -0.84  (VIOLATED)
       PIN :   inst_controller/fifo_int/u_dp__2___dp3__D_reg/bit__48__prll_regstr_/q_reg/C
                                6.12           6.95          -0.83  (VIOLATED)
       PIN :   inst_controller/fifo_int/u_dp__2___dp3__D_reg/bit__49__prll_regstr_/q_reg/C
                                6.12           6.97          -0.86  (VIOLATED)
       PIN :   inst_controller/fifo_int/u_dp__2___dp3__D_reg/bit__50__prll_regstr_/q_reg/C
                                6.12           6.95          -0.83  (VIOLATED)
       PIN :   inst_controller/fifo_int/u_dp__2___dp3__D_reg/bit__51__prll_regstr_/q_reg/C
                                6.12           6.97          -0.86  (VIOLATED)
       PIN :   inst_controller/fifo_int/u_dp__2___dp3__D_reg/bit__52__prll_regstr_/q_reg/C
                                6.12           6.95          -0.83  (VIOLATED)
       PIN :   inst_controller/fifo_int/u_dp__2___dp3__D_reg/bit__53__prll_regstr_/q_reg/C
                                6.12           6.95          -0.83  (VIOLATED)
       PIN :   inst_controller/fifo_int/u_dp__2___dp3__D_reg/bit__54__prll_regstr_/q_reg/C
                                6.12           6.95          -0.83  (VIOLATED)
       PIN :   inst_controller/fifo_int/u_dp__2___dp3__D_reg/bit__55__prll_regstr_/q_reg/C
                                6.12           6.97          -0.86  (VIOLATED)
       PIN :   inst_controller/fifo_int/u_dp__2___dp3__D_reg/bit__40__prll_regstr_/q_reg/C
                                6.12           6.95          -0.84  (VIOLATED)
       PIN :   inst_controller/fifo_int/u_dp__2___dp3__D_reg/bit__41__prll_regstr_/q_reg/C
                                6.12           6.95          -0.83  (VIOLATED)
       PIN :   inst_controller/fifo_int/u_dp__2___dp3__D_reg/bit__42__prll_regstr_/q_reg/C
                                6.12           6.97          -0.85  (VIOLATED)
       PIN :   inst_controller/fifo_int/u_dp__2___dp3__D_reg/bit__43__prll_regstr_/q_reg/C
                                6.12           6.95          -0.84  (VIOLATED)
       PIN :   inst_controller/fifo_int/u_dp__2___dp3__D_reg/bit__45__prll_regstr_/q_reg/C
                                6.12           6.95          -0.83  (VIOLATED)
       PIN :   inst_controller/fifo_int/u_dp__2___dp3__D_reg/bit__47__prll_regstr_/q_reg/C
                                6.12           6.95          -0.83  (VIOLATED)
       PIN :   inst_controller/fifo_int/u_dp__2___dp3__D_reg/bit__32__prll_regstr_/q_reg/C
                                6.12           6.95          -0.83  (VIOLATED)
       PIN :   inst_controller/fifo_int/u_dp__2___dp3__D_reg/bit__33__prll_regstr_/q_reg/C
                                6.12           6.97          -0.85  (VIOLATED)
       PIN :   inst_controller/fifo_int/u_dp__2___dp3__D_reg/bit__34__prll_regstr_/q_reg/C
                                6.12           6.97          -0.85  (VIOLATED)
       PIN :   inst_controller/fifo_int/u_dp__2___dp3__D_reg/bit__36__prll_regstr_/q_reg/C
                                6.12           6.97          -0.85  (VIOLATED)
       PIN :   inst_controller/fifo_int/u_dp__2___dp3__D_reg/bit__37__prll_regstr_/q_reg/C
                                6.12           6.97          -0.85  (VIOLATED)
       PIN :   inst_controller/fifo_int/u_dp__2___dp3__D_reg/bit__38__prll_regstr_/q_reg/C
                                6.12           6.95          -0.83  (VIOLATED)
       PIN :   inst_controller/fifo_int/u_dp__2___dp3__D_reg/bit__24__prll_regstr_/q_reg/C
                                6.12           6.95          -0.83  (VIOLATED)
       PIN :   inst_controller/fifo_int/u_dp__2___dp3__D_reg/bit__25__prll_regstr_/q_reg/C
                                6.12           6.95          -0.83  (VIOLATED)
       PIN :   inst_controller/fifo_int/u_dp__2___dp3__D_reg/bit__27__prll_regstr_/q_reg/C
                                6.12           6.95          -0.83  (VIOLATED)
       PIN :   inst_controller/fifo_int/u_dp__2___dp3__D_reg/bit__28__prll_regstr_/q_reg/C
                                6.12           6.95          -0.83  (VIOLATED)
       PIN :   inst_controller/fifo_int/u_dp__2___dp3__D_reg/bit__29__prll_regstr_/q_reg/C
                                6.12           6.95          -0.83  (VIOLATED)
       PIN :   inst_controller/fifo_int/u_dp__2___dp3__D_reg/bit__31__prll_regstr_/q_reg/C
                                6.12           6.97          -0.85  (VIOLATED)
       PIN :   inst_controller/fifo_int/u_dp__2___dp3__D_reg/bit__16__prll_regstr_/q_reg/C
                                6.12           6.97          -0.86  (VIOLATED)
       PIN :   inst_controller/fifo_int/u_dp__2___dp3__D_reg/bit__17__prll_regstr_/q_reg/C
                                6.12           6.97          -0.85  (VIOLATED)
       PIN :   inst_controller/fifo_int/u_dp__2___dp3__D_reg/bit__19__prll_regstr_/q_reg/C
                                6.12           6.97          -0.86  (VIOLATED)
       PIN :   inst_controller/fifo_int/u_dp__2___dp3__D_reg/bit__20__prll_regstr_/q_reg/C
                                6.12           6.95          -0.83  (VIOLATED)
       PIN :   inst_controller/fifo_int/u_dp__2___dp3__D_reg/bit__21__prll_regstr_/q_reg/C
                                6.12           6.95          -0.83  (VIOLATED)
       PIN :   inst_controller/fifo_int/u_dp__2___dp3__D_reg/bit__23__prll_regstr_/q_reg/C
                                6.12           6.95          -0.83  (VIOLATED)
       PIN :   inst_controller/fifo_int/u_dp__2___dp3__D_reg/bit__8__prll_regstr_/q_reg/C
                                6.12           6.95          -0.84  (VIOLATED)
       PIN :   inst_controller/fifo_int/u_dp__2___dp3__D_reg/bit__10__prll_regstr_/q_reg/C
                                6.12           6.97          -0.86  (VIOLATED)
       PIN :   inst_controller/fifo_int/u_dp__2___dp3__D_reg/bit__12__prll_regstr_/q_reg/C
                                6.12           6.97          -0.86  (VIOLATED)
       PIN :   inst_controller/fifo_int/u_dp__2___dp3__D_reg/bit__13__prll_regstr_/q_reg/C
                                6.12           6.96          -0.85  (VIOLATED)
       PIN :   inst_controller/fifo_int/u_dp__2___dp3__D_reg/bit__15__prll_regstr_/q_reg/C
                                6.12           6.97          -0.86  (VIOLATED)
       PIN :   inst_controller/fifo_int/u_dp__2___dp3__D_reg/bit__0__prll_regstr_/q_reg/C
                                6.12           6.97          -0.85  (VIOLATED)
       PIN :   inst_controller/fifo_int/u_dp__2___dp3__D_reg/bit__2__prll_regstr_/q_reg/C
                                6.12           6.95          -0.83  (VIOLATED)
       PIN :   inst_controller/fifo_int/u_dp__2___dp3__D_reg/bit__4__prll_regstr_/q_reg/C
                                6.12           6.97          -0.85  (VIOLATED)
       PIN :   inst_controller/fifo_int/u_dp__2___dp3__D_reg/U2/Q
                                5.21           6.95          -1.74  (VIOLATED)
       PIN :   inst_controller/fifo_int/u_dp__2___dp3__D_reg/bit__6__prll_regstr_/q_reg/C
                                6.12           6.95          -0.84  (VIOLATED)
   inst_controller/maq_core/n64
                                5.21           6.94          -1.73  (VIOLATED)
       PIN :   inst_controller/maq_core/Address_reg_reg_12_/RN
                                6.12           6.94          -0.82  (VIOLATED)
       PIN :   inst_controller/maq_core/Address_reg_reg_11_/RN
                                6.12           6.94          -0.82  (VIOLATED)
       PIN :   inst_controller/maq_core/Address_reg_reg_10_/RN
                                6.12           6.96          -0.85  (VIOLATED)
       PIN :   inst_controller/maq_core/Address_reg_reg_9_/RN
                                6.12           6.96          -0.85  (VIOLATED)
       PIN :   inst_controller/maq_core/Address_reg_reg_8_/RN
                                6.12           6.96          -0.84  (VIOLATED)
       PIN :   inst_controller/maq_core/Address_reg_reg_7_/RN
                                6.12           6.96          -0.84  (VIOLATED)
       PIN :   inst_controller/maq_core/Address_reg_reg_6_/RN
                                6.12           6.96          -0.84  (VIOLATED)
       PIN :   inst_controller/maq_core/Address_reg_reg_5_/RN
                                6.12           6.96          -0.84  (VIOLATED)
       PIN :   inst_controller/maq_core/D_push_core_reg_50_/RN
                                6.12           6.94          -0.82  (VIOLATED)
       PIN :   inst_controller/maq_core/D_sys_core_reg_7_/RN
                                6.12           6.96          -0.84  (VIOLATED)
       PIN :   inst_controller/maq_core/Address_reg_reg_18_/RN
                                6.12           6.94          -0.82  (VIOLATED)
       PIN :   inst_controller/maq_core/Address_reg_reg_17_/RN
                                6.12           6.96          -0.84  (VIOLATED)
       PIN :   inst_controller/maq_core/Address_reg_reg_16_/RN
                                6.12           6.96          -0.84  (VIOLATED)
       PIN :   inst_controller/maq_core/Address_reg_reg_15_/RN
                                6.12           6.94          -0.82  (VIOLATED)
       PIN :   inst_controller/maq_core/Address_reg_reg_14_/RN
                                6.12           6.96          -0.84  (VIOLATED)
       PIN :   inst_controller/maq_core/Address_reg_reg_13_/RN
                                6.12           6.94          -0.82  (VIOLATED)
       PIN :   inst_controller/maq_core/mtime_a_reg_24_/RN
                                6.12           6.94          -0.82  (VIOLATED)
       PIN :   inst_controller/maq_core/mtime_a_reg_18_/RN
                                6.12           6.94          -0.82  (VIOLATED)
       PIN :   inst_controller/maq_core/mtimecmp_b_reg_21_/RN
                                6.12           6.94          -0.82  (VIOLATED)
       PIN :   inst_controller/maq_core/D_push_core_reg_30_/RN
                                6.12           6.94          -0.82  (VIOLATED)
       PIN :   inst_controller/maq_core/D_push_core_reg_25_/RN
                                6.12           6.96          -0.84  (VIOLATED)
       PIN :   inst_controller/maq_core/D_push_core_reg_23_/RN
                                6.12           6.96          -0.84  (VIOLATED)
       PIN :   inst_controller/maq_core/D_push_core_reg_9_/RN
                                6.12           6.94          -0.82  (VIOLATED)
       PIN :   inst_controller/maq_core/D_push_core_reg_3_/RN
                                6.12           6.94          -0.82  (VIOLATED)
       PIN :   inst_controller/maq_core/d_intr_error_reg_34_/RN
                                6.12           6.94          -0.82  (VIOLATED)
       PIN :   inst_controller/maq_core/d_intr_error_reg_50_/RN
                                6.12           6.94          -0.82  (VIOLATED)
       PIN :   inst_controller/maq_core/Data_Write_reg_reg_16_/RN
                                6.12           6.95          -0.84  (VIOLATED)
       PIN :   inst_controller/maq_core/Data_Write_reg_reg_23_/RN
                                6.12           6.96          -0.84  (VIOLATED)
       PIN :   inst_controller/maq_core/Data_Write_reg_reg_9_/RN
                                6.12           6.95          -0.83  (VIOLATED)
       PIN :   inst_controller/maq_core/watch_dog_reg_reg_25_/RN
                                6.12           6.94          -0.82  (VIOLATED)
       PIN :   inst_controller/maq_core/mtime_b_reg_26_/RN
                                6.12           6.94          -0.82  (VIOLATED)
       PIN :   inst_controller/maq_core/U14/Q
                                5.21           6.94          -1.73  (VIOLATED)
   inst_controller/maq_bus/n60
                                5.21           6.89          -1.68  (VIOLATED)
       PIN :   inst_controller/maq_bus/dir_reg_7_/RN
                                6.12           6.89          -0.77  (VIOLATED)
       PIN :   inst_controller/maq_bus/D_Intr_bus_reg_54_/RN
                                6.12           6.91          -0.79  (VIOLATED)
       PIN :   inst_controller/maq_bus/Cod_op_reg_2_/RN
                                6.12           6.89          -0.77  (VIOLATED)
       PIN :   inst_controller/maq_bus/Cod_op_reg_4_/RN
                                6.12           6.91          -0.79  (VIOLATED)
       PIN :   inst_controller/maq_bus/Dest_reg_3_/RN
                                6.12           6.89          -0.77  (VIOLATED)
       PIN :   inst_controller/maq_bus/Dest_reg_5_/RN
                                6.12           6.89          -0.77  (VIOLATED)
       PIN :   inst_controller/maq_bus/data_reg_6_/RN
                                6.12           6.89          -0.77  (VIOLATED)
       PIN :   inst_controller/maq_bus/data_reg_31_/RN
                                6.12           6.89          -0.77  (VIOLATED)
       PIN :   inst_controller/maq_bus/dir_reg_4_/RN
                                6.12           6.89          -0.77  (VIOLATED)
       PIN :   inst_controller/maq_bus/D_Push_int_reg_2_/RN
                                6.12           6.89          -0.77  (VIOLATED)
       PIN :   inst_controller/maq_bus/D_Push_int_reg_1_/RN
                                6.12           6.91          -0.79  (VIOLATED)
       PIN :   inst_controller/maq_bus/D_Push_int_reg_0_/RN
                                6.12           6.89          -0.77  (VIOLATED)
       PIN :   inst_controller/maq_bus/D_Intr_bus_reg_4_/RN
                                6.12           6.89          -0.77  (VIOLATED)
       PIN :   inst_controller/maq_bus/D_Intr_bus_reg_23_/RN
                                6.12           6.89          -0.77  (VIOLATED)
       PIN :   inst_controller/maq_bus/D_Intr_bus_reg_30_/RN
                                6.12           6.89          -0.77  (VIOLATED)
       PIN :   inst_controller/maq_bus/D_Intr_bus_reg_37_/RN
                                6.12           6.89          -0.77  (VIOLATED)
       PIN :   inst_controller/maq_bus/D_Intr_bus_reg_47_/RN
                                6.12           6.89          -0.77  (VIOLATED)
       PIN :   inst_controller/maq_bus/D_Push_int_reg_10_/RN
                                6.12           6.91          -0.79  (VIOLATED)
       PIN :   inst_controller/maq_bus/D_Push_int_reg_9_/RN
                                6.12           6.90          -0.79  (VIOLATED)
       PIN :   inst_controller/maq_bus/D_Push_int_reg_8_/RN
                                6.12           6.91          -0.79  (VIOLATED)
       PIN :   inst_controller/maq_bus/D_Push_int_reg_7_/RN
                                6.12           6.90          -0.78  (VIOLATED)
       PIN :   inst_controller/maq_bus/D_Push_int_reg_6_/RN
                                6.12           6.89          -0.77  (VIOLATED)
       PIN :   inst_controller/maq_bus/D_Push_int_reg_5_/RN
                                6.12           6.90          -0.79  (VIOLATED)
       PIN :   inst_controller/maq_bus/D_Push_int_reg_4_/RN
                                6.12           6.89          -0.77  (VIOLATED)
       PIN :   inst_controller/maq_bus/D_Push_int_reg_3_/RN
                                6.12           6.89          -0.77  (VIOLATED)
       PIN :   inst_controller/maq_bus/Mem_en_bus_reg/RN
                                6.12           6.89          -0.77  (VIOLATED)
       PIN :   inst_controller/maq_bus/D_sys_bus_reg_13_/RN
                                6.12           6.89          -0.77  (VIOLATED)
       PIN :   inst_controller/maq_bus/D_Intr_bus_reg_32_/RN
                                6.12           6.90          -0.79  (VIOLATED)
       PIN :   inst_controller/maq_bus/D_Push_int_reg_48_/RN
                                6.12           6.89          -0.77  (VIOLATED)
       PIN :   inst_controller/maq_bus/D_Push_int_reg_13_/RN
                                6.12           6.90          -0.79  (VIOLATED)
       PIN :   inst_controller/maq_bus/D_Push_int_reg_12_/RN
                                6.12           6.91          -0.79  (VIOLATED)
       PIN :   inst_controller/maq_bus/D_Push_int_reg_11_/RN
                                6.12           6.91          -0.79  (VIOLATED)
       PIN :   inst_controller/maq_bus/U93/Q
                                5.21           6.89          -1.68  (VIOLATED)
   inst_controller/fifo_int/u_dp__1___dp3__D_reg/n2
                                5.21           6.85          -1.64  (VIOLATED)
       PIN :   inst_controller/fifo_int/u_dp__1___dp3__D_reg/bit__64__prll_regstr_/U3/A
                                6.12           6.87          -0.76  (VIOLATED)
       PIN :   inst_controller/fifo_int/u_dp__1___dp3__D_reg/bit__65__prll_regstr_/U3/A
                                6.12           6.85          -0.73  (VIOLATED)
       PIN :   inst_controller/fifo_int/u_dp__1___dp3__D_reg/bit__66__prll_regstr_/U3/A
                                6.12           6.85          -0.73  (VIOLATED)
       PIN :   inst_controller/fifo_int/u_dp__1___dp3__D_reg/bit__67__prll_regstr_/U3/A
                                6.12           6.85          -0.73  (VIOLATED)
       PIN :   inst_controller/fifo_int/u_dp__1___dp3__D_reg/bit__68__prll_regstr_/U3/A
                                6.12           6.85          -0.73  (VIOLATED)
       PIN :   inst_controller/fifo_int/u_dp__1___dp3__D_reg/bit__69__prll_regstr_/U3/A
                                6.12           6.87          -0.75  (VIOLATED)
       PIN :   inst_controller/fifo_int/u_dp__1___dp3__D_reg/bit__70__prll_regstr_/U3/A
                                6.12           6.85          -0.73  (VIOLATED)
       PIN :   inst_controller/fifo_int/u_dp__1___dp3__D_reg/bit__71__prll_regstr_/U3/A
                                6.12           6.85          -0.73  (VIOLATED)
       PIN :   inst_controller/fifo_int/u_dp__1___dp3__D_reg/bit__56__prll_regstr_/U3/A
                                6.12           6.87          -0.75  (VIOLATED)
       PIN :   inst_controller/fifo_int/u_dp__1___dp3__D_reg/bit__57__prll_regstr_/U3/A
                                6.12           6.85          -0.73  (VIOLATED)
       PIN :   inst_controller/fifo_int/u_dp__1___dp3__D_reg/bit__58__prll_regstr_/U3/A
                                6.12           6.86          -0.74  (VIOLATED)
       PIN :   inst_controller/fifo_int/u_dp__1___dp3__D_reg/bit__59__prll_regstr_/U3/A
                                6.12           6.85          -0.73  (VIOLATED)
       PIN :   inst_controller/fifo_int/u_dp__1___dp3__D_reg/bit__60__prll_regstr_/U3/A
                                6.12           6.87          -0.75  (VIOLATED)
       PIN :   inst_controller/fifo_int/u_dp__1___dp3__D_reg/bit__61__prll_regstr_/U3/A
                                6.12           6.85          -0.73  (VIOLATED)
       PIN :   inst_controller/fifo_int/u_dp__1___dp3__D_reg/bit__62__prll_regstr_/U3/A
                                6.12           6.87          -0.76  (VIOLATED)
       PIN :   inst_controller/fifo_int/u_dp__1___dp3__D_reg/bit__63__prll_regstr_/U3/A
                                6.12           6.85          -0.73  (VIOLATED)
       PIN :   inst_controller/fifo_int/u_dp__1___dp3__D_reg/bit__48__prll_regstr_/U3/A
                                6.12           6.85          -0.73  (VIOLATED)
       PIN :   inst_controller/fifo_int/u_dp__1___dp3__D_reg/bit__49__prll_regstr_/U3/A
                                6.12           6.85          -0.73  (VIOLATED)
       PIN :   inst_controller/fifo_int/u_dp__1___dp3__D_reg/bit__50__prll_regstr_/U3/A
                                6.12           6.85          -0.73  (VIOLATED)
       PIN :   inst_controller/fifo_int/u_dp__1___dp3__D_reg/bit__51__prll_regstr_/U3/A
                                6.12           6.85          -0.73  (VIOLATED)
       PIN :   inst_controller/fifo_int/u_dp__1___dp3__D_reg/bit__52__prll_regstr_/U3/A
                                6.12           6.86          -0.75  (VIOLATED)
       PIN :   inst_controller/fifo_int/u_dp__1___dp3__D_reg/bit__53__prll_regstr_/U3/A
                                6.12           6.85          -0.73  (VIOLATED)
       PIN :   inst_controller/fifo_int/u_dp__1___dp3__D_reg/bit__54__prll_regstr_/U3/A
                                6.12           6.86          -0.75  (VIOLATED)
       PIN :   inst_controller/fifo_int/u_dp__1___dp3__D_reg/bit__55__prll_regstr_/U3/A
                                6.12           6.85          -0.73  (VIOLATED)
       PIN :   inst_controller/fifo_int/u_dp__1___dp3__D_reg/bit__40__prll_regstr_/U3/A
                                6.12           6.85          -0.73  (VIOLATED)
       PIN :   inst_controller/fifo_int/u_dp__1___dp3__D_reg/bit__41__prll_regstr_/U3/A
                                6.12           6.85          -0.73  (VIOLATED)
       PIN :   inst_controller/fifo_int/u_dp__1___dp3__D_reg/bit__42__prll_regstr_/U3/A
                                6.12           6.87          -0.75  (VIOLATED)
       PIN :   inst_controller/fifo_int/u_dp__1___dp3__D_reg/bit__43__prll_regstr_/U3/A
                                6.12           6.85          -0.73  (VIOLATED)
       PIN :   inst_controller/fifo_int/u_dp__1___dp3__D_reg/bit__44__prll_regstr_/U3/A
                                6.12           6.85          -0.73  (VIOLATED)
       PIN :   inst_controller/fifo_int/u_dp__1___dp3__D_reg/bit__45__prll_regstr_/U3/A
                                6.12           6.87          -0.76  (VIOLATED)
       PIN :   inst_controller/fifo_int/u_dp__1___dp3__D_reg/bit__46__prll_regstr_/U3/A
                                6.12           6.85          -0.73  (VIOLATED)
       PIN :   inst_controller/fifo_int/u_dp__1___dp3__D_reg/bit__47__prll_regstr_/U3/A
                                6.12           6.87          -0.75  (VIOLATED)
       PIN :   inst_controller/fifo_int/u_dp__1___dp3__D_reg/bit__32__prll_regstr_/U3/A
                                6.12           6.87          -0.76  (VIOLATED)
       PIN :   inst_controller/fifo_int/u_dp__1___dp3__D_reg/bit__33__prll_regstr_/U3/A
                                6.12           6.85          -0.73  (VIOLATED)
       PIN :   inst_controller/fifo_int/u_dp__1___dp3__D_reg/bit__34__prll_regstr_/U3/A
                                6.12           6.87          -0.76  (VIOLATED)
       PIN :   inst_controller/fifo_int/u_dp__1___dp3__D_reg/bit__35__prll_regstr_/U3/A
                                6.12           6.85          -0.73  (VIOLATED)
       PIN :   inst_controller/fifo_int/u_dp__1___dp3__D_reg/bit__36__prll_regstr_/U3/A
                                6.12           6.85          -0.73  (VIOLATED)
       PIN :   inst_controller/fifo_int/u_dp__1___dp3__D_reg/bit__37__prll_regstr_/U3/A
                                6.12           6.85          -0.73  (VIOLATED)
       PIN :   inst_controller/fifo_int/u_dp__1___dp3__D_reg/bit__38__prll_regstr_/U3/A
                                6.12           6.87          -0.76  (VIOLATED)
       PIN :   inst_controller/fifo_int/u_dp__1___dp3__D_reg/bit__39__prll_regstr_/U3/A
                                6.12           6.85          -0.73  (VIOLATED)
       PIN :   inst_controller/fifo_int/u_dp__1___dp3__D_reg/bit__24__prll_regstr_/U3/A
                                6.12           6.85          -0.73  (VIOLATED)
       PIN :   inst_controller/fifo_int/u_dp__1___dp3__D_reg/bit__25__prll_regstr_/U3/A
                                6.12           6.85          -0.73  (VIOLATED)
       PIN :   inst_controller/fifo_int/u_dp__1___dp3__D_reg/bit__26__prll_regstr_/U3/A
                                6.12           6.87          -0.75  (VIOLATED)
       PIN :   inst_controller/fifo_int/u_dp__1___dp3__D_reg/bit__27__prll_regstr_/U3/A
                                6.12           6.85          -0.73  (VIOLATED)
       PIN :   inst_controller/fifo_int/u_dp__1___dp3__D_reg/bit__28__prll_regstr_/U3/A
                                6.12           6.87          -0.75  (VIOLATED)
       PIN :   inst_controller/fifo_int/u_dp__1___dp3__D_reg/bit__29__prll_regstr_/U3/A
                                6.12           6.87          -0.75  (VIOLATED)
       PIN :   inst_controller/fifo_int/u_dp__1___dp3__D_reg/bit__30__prll_regstr_/U3/A
                                6.12           6.87          -0.76  (VIOLATED)
       PIN :   inst_controller/fifo_int/u_dp__1___dp3__D_reg/bit__31__prll_regstr_/U3/A
                                6.12           6.87          -0.75  (VIOLATED)
       PIN :   inst_controller/fifo_int/u_dp__1___dp3__D_reg/bit__16__prll_regstr_/U3/A
                                6.12           6.86          -0.75  (VIOLATED)
       PIN :   inst_controller/fifo_int/u_dp__1___dp3__D_reg/bit__17__prll_regstr_/U3/A
                                6.12           6.86          -0.74  (VIOLATED)
       PIN :   inst_controller/fifo_int/u_dp__1___dp3__D_reg/bit__18__prll_regstr_/U3/A
                                6.12           6.86          -0.75  (VIOLATED)
       PIN :   inst_controller/fifo_int/u_dp__1___dp3__D_reg/bit__19__prll_regstr_/U3/A
                                6.12           6.86          -0.74  (VIOLATED)
       PIN :   inst_controller/fifo_int/u_dp__1___dp3__D_reg/bit__20__prll_regstr_/U3/A
                                6.12           6.86          -0.74  (VIOLATED)
       PIN :   inst_controller/fifo_int/u_dp__1___dp3__D_reg/bit__21__prll_regstr_/U3/A
                                6.12           6.87          -0.75  (VIOLATED)
       PIN :   inst_controller/fifo_int/u_dp__1___dp3__D_reg/bit__22__prll_regstr_/U3/A
                                6.12           6.87          -0.75  (VIOLATED)
       PIN :   inst_controller/fifo_int/u_dp__1___dp3__D_reg/bit__23__prll_regstr_/U3/A
                                6.12           6.85          -0.73  (VIOLATED)
       PIN :   inst_controller/fifo_int/u_dp__1___dp3__D_reg/bit__8__prll_regstr_/U3/A
                                6.12           6.87          -0.75  (VIOLATED)
       PIN :   inst_controller/fifo_int/u_dp__1___dp3__D_reg/bit__12__prll_regstr_/U3/A
                                6.12           6.86          -0.74  (VIOLATED)
       PIN :   inst_controller/fifo_int/u_dp__1___dp3__D_reg/bit__13__prll_regstr_/U3/A
                                6.12           6.86          -0.74  (VIOLATED)
       PIN :   inst_controller/fifo_int/u_dp__1___dp3__D_reg/bit__14__prll_regstr_/U3/A
                                6.12           6.86          -0.75  (VIOLATED)
       PIN :   inst_controller/fifo_int/u_dp__1___dp3__D_reg/bit__15__prll_regstr_/U3/A
                                6.12           6.86          -0.74  (VIOLATED)
       PIN :   inst_controller/fifo_int/u_dp__1___dp3__D_reg/bit__1__prll_regstr_/U3/A
                                6.12           6.86          -0.75  (VIOLATED)
       PIN :   inst_controller/fifo_int/u_dp__1___dp3__D_reg/bit__2__prll_regstr_/U3/A
                                6.12           6.87          -0.75  (VIOLATED)
       PIN :   inst_controller/fifo_int/u_dp__1___dp3__D_reg/bit__4__prll_regstr_/U3/A
                                6.12           6.87          -0.76  (VIOLATED)
       PIN :   inst_controller/fifo_int/u_dp__1___dp3__D_reg/U1/Q
                                5.21           6.85          -1.64  (VIOLATED)
       PIN :   inst_controller/fifo_int/u_dp__1___dp3__D_reg/bit__7__prll_regstr_/U3/A
                                6.12           6.87          -0.76  (VIOLATED)
   inst_controller/n2           5.21           6.78          -1.57  (VIOLATED)
       PIN :   inst_controller/U158/D
                                6.12           6.78          -0.67  (VIOLATED)
       PIN :   inst_controller/U157/D
                                6.12           6.78          -0.67  (VIOLATED)
       PIN :   inst_controller/U156/B
                                6.12           6.78          -0.67  (VIOLATED)
       PIN :   inst_controller/U153/B
                                6.12           6.78          -0.67  (VIOLATED)
       PIN :   inst_controller/U151/B
                                6.12           6.78          -0.67  (VIOLATED)
       PIN :   inst_controller/U149/B
                                6.12           6.78          -0.67  (VIOLATED)
       PIN :   inst_controller/U148/D
                                6.12           6.78          -0.67  (VIOLATED)
       PIN :   inst_controller/U147/D
                                6.12           6.80          -0.68  (VIOLATED)
       PIN :   inst_controller/U166/D
                                6.12           6.78          -0.67  (VIOLATED)
       PIN :   inst_controller/U165/D
                                6.12           6.78          -0.67  (VIOLATED)
       PIN :   inst_controller/U164/D
                                6.12           6.78          -0.67  (VIOLATED)
       PIN :   inst_controller/U163/D
                                6.12           6.78          -0.67  (VIOLATED)
       PIN :   inst_controller/U162/D
                                6.12           6.78          -0.67  (VIOLATED)
       PIN :   inst_controller/U161/D
                                6.12           6.80          -0.69  (VIOLATED)
       PIN :   inst_controller/U160/D
                                6.12           6.78          -0.67  (VIOLATED)
       PIN :   inst_controller/U159/D
                                6.12           6.81          -0.69  (VIOLATED)
       PIN :   inst_controller/U174/D
                                6.12           6.80          -0.68  (VIOLATED)
       PIN :   inst_controller/U173/D
                                6.12           6.79          -0.68  (VIOLATED)
       PIN :   inst_controller/U172/D
                                6.12           6.78          -0.67  (VIOLATED)
       PIN :   inst_controller/U171/D
                                6.12           6.78          -0.67  (VIOLATED)
       PIN :   inst_controller/U170/D
                                6.12           6.81          -0.69  (VIOLATED)
       PIN :   inst_controller/U169/D
                                6.12           6.78          -0.67  (VIOLATED)
       PIN :   inst_controller/U168/D
                                6.12           6.78          -0.67  (VIOLATED)
       PIN :   inst_controller/U167/D
                                6.12           6.78          -0.67  (VIOLATED)
       PIN :   inst_controller/U182/D
                                6.12           6.78          -0.67  (VIOLATED)
       PIN :   inst_controller/U181/D
                                6.12           6.80          -0.68  (VIOLATED)
       PIN :   inst_controller/U180/D
                                6.12           6.78          -0.67  (VIOLATED)
       PIN :   inst_controller/U179/D
                                6.12           6.78          -0.67  (VIOLATED)
       PIN :   inst_controller/U178/D
                                6.12           6.78          -0.67  (VIOLATED)
       PIN :   inst_controller/U177/D
                                6.12           6.78          -0.67  (VIOLATED)
       PIN :   inst_controller/U176/D
                                6.12           6.78          -0.67  (VIOLATED)
       PIN :   inst_controller/U175/D
                                6.12           6.78          -0.67  (VIOLATED)
       PIN :   inst_controller/U219/D
                                6.12           6.78          -0.67  (VIOLATED)
       PIN :   inst_controller/U218/D
                                6.12           6.78          -0.67  (VIOLATED)
       PIN :   inst_controller/U217/D
                                6.12           6.78          -0.67  (VIOLATED)
       PIN :   inst_controller/U216/D
                                6.12           6.78          -0.67  (VIOLATED)
       PIN :   inst_controller/U215/D
                                6.12           6.78          -0.67  (VIOLATED)
       PIN :   inst_controller/U214/D
                                6.12           6.78          -0.67  (VIOLATED)
       PIN :   inst_controller/U200/D
                                6.12           6.79          -0.67  (VIOLATED)
       PIN :   inst_controller/U199/D
                                6.12           6.78          -0.67  (VIOLATED)
       PIN :   inst_controller/U12/A
                                6.12           6.80          -0.69  (VIOLATED)
       PIN :   inst_controller/U11/A
                                6.12           6.78          -0.67  (VIOLATED)
       PIN :   inst_controller/U9/A
                                6.12           6.78          -0.67  (VIOLATED)
       PIN :   inst_controller/U225/D
                                6.12           6.80          -0.69  (VIOLATED)
       PIN :   inst_controller/U222/D
                                6.12           6.78          -0.67  (VIOLATED)
       PIN :   inst_controller/U221/D
                                6.12           6.78          -0.67  (VIOLATED)
       PIN :   inst_controller/U220/D
                                6.12           6.78          -0.67  (VIOLATED)
       PIN :   inst_controller/U40/Q
                                5.21           6.78          -1.57  (VIOLATED)
   inst_controller/maq_bus/n73
                                5.21           6.69          -1.48  (VIOLATED)
       PIN :   inst_controller/maq_bus/data_reg_25_/RN
                                6.12           6.69          -0.57  (VIOLATED)
       PIN :   inst_controller/maq_bus/D_Intr_bus_reg_7_/RN
                                6.12           6.69          -0.57  (VIOLATED)
       PIN :   inst_controller/maq_bus/D_Intr_bus_reg_34_/RN
                                6.12           6.69          -0.57  (VIOLATED)
       PIN :   inst_controller/maq_bus/D_Intr_bus_reg_39_/RN
                                6.12           6.69          -0.57  (VIOLATED)
       PIN :   inst_controller/maq_bus/D_Intr_bus_reg_40_/RN
                                6.12           6.69          -0.57  (VIOLATED)
       PIN :   inst_controller/maq_bus/D_Intr_bus_reg_48_/RN
                                6.12           6.69          -0.57  (VIOLATED)
       PIN :   inst_controller/maq_bus/D_Intr_bus_reg_50_/RN
                                6.12           6.69          -0.57  (VIOLATED)
       PIN :   inst_controller/maq_bus/data_reg_11_/RN
                                6.12           6.69          -0.57  (VIOLATED)
       PIN :   inst_controller/maq_bus/data_reg_23_/RN
                                6.12           6.69          -0.57  (VIOLATED)
       PIN :   inst_controller/maq_bus/Data_Read_bus_reg_21_/RN
                                6.12           6.69          -0.57  (VIOLATED)
       PIN :   inst_controller/maq_bus/Data_Read_bus_reg_22_/RN
                                6.12           6.69          -0.57  (VIOLATED)
       PIN :   inst_controller/maq_bus/Data_Read_bus_reg_23_/RN
                                6.12           6.69          -0.57  (VIOLATED)
       PIN :   inst_controller/maq_bus/Data_Read_bus_reg_24_/RN
                                6.12           6.69          -0.57  (VIOLATED)
       PIN :   inst_controller/maq_bus/Data_Read_bus_reg_25_/RN
                                6.12           6.69          -0.57  (VIOLATED)
       PIN :   inst_controller/maq_bus/Data_Read_bus_reg_26_/RN
                                6.12           6.69          -0.57  (VIOLATED)
       PIN :   inst_controller/maq_bus/Data_Read_bus_reg_27_/RN
                                6.12           6.69          -0.57  (VIOLATED)
       PIN :   inst_controller/maq_bus/D_Intr_bus_reg_3_/RN
                                6.12           6.69          -0.57  (VIOLATED)
       PIN :   inst_controller/maq_bus/D_Push_int_reg_51_/RN
                                6.12           6.69          -0.57  (VIOLATED)
       PIN :   inst_controller/maq_bus/Data_Read_bus_reg_14_/RN
                                6.12           6.69          -0.57  (VIOLATED)
       PIN :   inst_controller/maq_bus/Data_Read_bus_reg_15_/RN
                                6.12           6.69          -0.57  (VIOLATED)
       PIN :   inst_controller/maq_bus/Data_Read_bus_reg_16_/RN
                                6.12           6.69          -0.57  (VIOLATED)
       PIN :   inst_controller/maq_bus/Data_Read_bus_reg_17_/RN
                                6.12           6.69          -0.57  (VIOLATED)
       PIN :   inst_controller/maq_bus/Data_Read_bus_reg_18_/RN
                                6.12           6.69          -0.57  (VIOLATED)
       PIN :   inst_controller/maq_bus/Data_Read_bus_reg_19_/RN
                                6.12           6.69          -0.57  (VIOLATED)
       PIN :   inst_controller/maq_bus/Data_Read_bus_reg_20_/RN
                                6.12           6.69          -0.57  (VIOLATED)
       PIN :   inst_controller/maq_bus/A_sys_bus_reg_9_/RN
                                6.12           6.69          -0.57  (VIOLATED)
       PIN :   inst_controller/maq_bus/D_sys_bus_reg_19_/RN
                                6.12           6.69          -0.57  (VIOLATED)
       PIN :   inst_controller/maq_bus/D_sys_bus_reg_17_/RN
                                6.12           6.69          -0.57  (VIOLATED)
       PIN :   inst_controller/maq_bus/D_sys_bus_reg_11_/RN
                                6.12           6.69          -0.57  (VIOLATED)
       PIN :   inst_controller/maq_bus/D_Push_int_reg_64_/RN
                                6.12           6.69          -0.57  (VIOLATED)
       PIN :   inst_controller/maq_bus/D_Push_int_reg_61_/RN
                                6.12           6.69          -0.57  (VIOLATED)
       PIN :   inst_controller/maq_bus/D_Push_int_reg_60_/RN
                                6.12           6.69          -0.57  (VIOLATED)
       PIN :   inst_controller/maq_bus/U95/Q
                                5.21           6.69          -1.48  (VIOLATED)
   inst_controller/maq_core/n68
                                5.21           6.65          -1.44  (VIOLATED)
       PIN :   inst_controller/maq_core/mtimecmp_b_reg_17_/RN
                                6.12           6.65          -0.53  (VIOLATED)
       PIN :   inst_controller/maq_core/mtimecmp_b_reg_9_/RN
                                6.12           6.65          -0.53  (VIOLATED)
       PIN :   inst_controller/maq_core/mtimecmp_b_reg_10_/RN
                                6.12           6.65          -0.53  (VIOLATED)
       PIN :   inst_controller/maq_core/mtimecmp_b_reg_11_/RN
                                6.12           6.65          -0.53  (VIOLATED)
       PIN :   inst_controller/maq_core/mtimecmp_b_reg_12_/RN
                                6.12           6.65          -0.53  (VIOLATED)
       PIN :   inst_controller/maq_core/mtimecmp_b_reg_13_/RN
                                6.12           6.65          -0.53  (VIOLATED)
       PIN :   inst_controller/maq_core/mtimecmp_b_reg_14_/RN
                                6.12           6.65          -0.53  (VIOLATED)
       PIN :   inst_controller/maq_core/mtimecmp_b_reg_15_/RN
                                6.12           6.65          -0.53  (VIOLATED)
       PIN :   inst_controller/maq_core/mtimecmp_b_reg_16_/RN
                                6.12           6.65          -0.53  (VIOLATED)
       PIN :   inst_controller/maq_core/mtime_a_reg_3_/RN
                                6.12           6.65          -0.53  (VIOLATED)
       PIN :   inst_controller/maq_core/mtime_a_reg_2_/RN
                                6.12           6.65          -0.53  (VIOLATED)
       PIN :   inst_controller/maq_core/mtimecmp_a_reg_26_/RN
                                6.12           6.65          -0.53  (VIOLATED)
       PIN :   inst_controller/maq_core/mtimecmp_a_reg_27_/RN
                                6.12           6.65          -0.53  (VIOLATED)
       PIN :   inst_controller/maq_core/mtimecmp_a_reg_28_/RN
                                6.12           6.65          -0.53  (VIOLATED)
       PIN :   inst_controller/maq_core/mtimecmp_a_reg_29_/RN
                                6.12           6.65          -0.53  (VIOLATED)
       PIN :   inst_controller/maq_core/mtimecmp_a_reg_30_/RN
                                6.12           6.65          -0.53  (VIOLATED)
       PIN :   inst_controller/maq_core/mtimecmp_b_reg_8_/RN
                                6.12           6.65          -0.53  (VIOLATED)
       PIN :   inst_controller/maq_core/mtime_a_reg_11_/RN
                                6.12           6.65          -0.53  (VIOLATED)
       PIN :   inst_controller/maq_core/mtime_a_reg_10_/RN
                                6.12           6.65          -0.53  (VIOLATED)
       PIN :   inst_controller/maq_core/mtime_a_reg_9_/RN
                                6.12           6.65          -0.53  (VIOLATED)
       PIN :   inst_controller/maq_core/mtime_a_reg_8_/RN
                                6.12           6.65          -0.53  (VIOLATED)
       PIN :   inst_controller/maq_core/mtime_a_reg_7_/RN
                                6.12           6.65          -0.53  (VIOLATED)
       PIN :   inst_controller/maq_core/mtime_a_reg_6_/RN
                                6.12           6.65          -0.53  (VIOLATED)
       PIN :   inst_controller/maq_core/mtime_a_reg_5_/RN
                                6.12           6.65          -0.53  (VIOLATED)
       PIN :   inst_controller/maq_core/mtime_a_reg_4_/RN
                                6.12           6.65          -0.53  (VIOLATED)
       PIN :   inst_controller/maq_core/Data_Write_reg_reg_27_/RN
                                6.12           6.65          -0.53  (VIOLATED)
       PIN :   inst_controller/maq_core/Data_Write_reg_reg_30_/RN
                                6.12           6.65          -0.53  (VIOLATED)
       PIN :   inst_controller/maq_core/state_reg_2_/SN
                                6.12           6.65          -0.53  (VIOLATED)
       PIN :   inst_controller/maq_core/mtime_a_reg_15_/RN
                                6.12           6.65          -0.53  (VIOLATED)
       PIN :   inst_controller/maq_core/mtime_a_reg_14_/RN
                                6.12           6.65          -0.53  (VIOLATED)
       PIN :   inst_controller/maq_core/mtime_a_reg_13_/RN
                                6.12           6.65          -0.53  (VIOLATED)
       PIN :   inst_controller/maq_core/mtime_a_reg_12_/RN
                                6.12           6.65          -0.53  (VIOLATED)
       PIN :   inst_controller/maq_core/U9/Q
                                5.21           6.65          -1.44  (VIOLATED)
   d_push[3]                    5.23           6.61          -1.38  (VIOLATED)
       PIN :   inst_controller/U71/Q
                                5.23           6.61          -1.38  (VIOLATED)
   inst_controller/maq_bus/n56
                                5.21           6.56          -1.35  (VIOLATED)
       PIN :   inst_controller/maq_bus/dir_reg_12_/RN
                                6.12           6.56          -0.44  (VIOLATED)
       PIN :   inst_controller/maq_bus/Cod_op_reg_1_/RN
                                6.12           6.56          -0.44  (VIOLATED)
       PIN :   inst_controller/maq_bus/Cod_op_reg_7_/RN
                                6.12           6.56          -0.44  (VIOLATED)
       PIN :   inst_controller/maq_bus/Dest_reg_2_/RN
                                6.12           6.56          -0.44  (VIOLATED)
       PIN :   inst_controller/maq_bus/data_reg_5_/RN
                                6.12           6.56          -0.44  (VIOLATED)
       PIN :   inst_controller/maq_bus/data_reg_30_/RN
                                6.12           6.56          -0.44  (VIOLATED)
       PIN :   inst_controller/maq_bus/dir_reg_3_/RN
                                6.12           6.56          -0.44  (VIOLATED)
       PIN :   inst_controller/maq_bus/dir_reg_5_/RN
                                6.12           6.56          -0.44  (VIOLATED)
       PIN :   inst_controller/maq_bus/dir_reg_8_/RN
                                6.12           6.56          -0.44  (VIOLATED)
       PIN :   inst_controller/maq_bus/D_Push_int_reg_15_/RN
                                6.12           6.56          -0.44  (VIOLATED)
       PIN :   inst_controller/maq_bus/D_Push_int_reg_14_/RN
                                6.12           6.56          -0.44  (VIOLATED)
       PIN :   inst_controller/maq_bus/D_Intr_bus_reg_5_/RN
                                6.12           6.56          -0.44  (VIOLATED)
       PIN :   inst_controller/maq_bus/D_Intr_bus_reg_29_/RN
                                6.12           6.56          -0.44  (VIOLATED)
       PIN :   inst_controller/maq_bus/D_Intr_bus_reg_36_/RN
                                6.12           6.56          -0.44  (VIOLATED)
       PIN :   inst_controller/maq_bus/D_Intr_bus_reg_46_/RN
                                6.12           6.56          -0.44  (VIOLATED)
       PIN :   inst_controller/maq_bus/D_Intr_bus_reg_53_/RN
                                6.12           6.56          -0.44  (VIOLATED)
       PIN :   inst_controller/maq_bus/Boot_rdy_reg/RN
                                6.12           6.56          -0.44  (VIOLATED)
       PIN :   inst_controller/maq_bus/D_Push_int_reg_23_/RN
                                6.12           6.56          -0.44  (VIOLATED)
       PIN :   inst_controller/maq_bus/D_Push_int_reg_22_/RN
                                6.12           6.56          -0.44  (VIOLATED)
       PIN :   inst_controller/maq_bus/D_Push_int_reg_21_/RN
                                6.12           6.56          -0.44  (VIOLATED)
       PIN :   inst_controller/maq_bus/D_Push_int_reg_20_/RN
                                6.12           6.56          -0.44  (VIOLATED)
       PIN :   inst_controller/maq_bus/D_Push_int_reg_19_/RN
                                6.12           6.56          -0.44  (VIOLATED)
       PIN :   inst_controller/maq_bus/D_Push_int_reg_18_/RN
                                6.12           6.56          -0.44  (VIOLATED)
       PIN :   inst_controller/maq_bus/D_Push_int_reg_17_/RN
                                6.12           6.56          -0.44  (VIOLATED)
       PIN :   inst_controller/maq_bus/D_Push_int_reg_16_/RN
                                6.12           6.56          -0.44  (VIOLATED)
       PIN :   inst_controller/maq_bus/A_sys_bus_reg_3_/RN
                                6.12           6.56          -0.44  (VIOLATED)
       PIN :   inst_controller/maq_bus/D_Push_int_reg_67_/RN
                                6.12           6.56          -0.44  (VIOLATED)
       PIN :   inst_controller/maq_bus/D_Push_int_reg_50_/RN
                                6.12           6.56          -0.44  (VIOLATED)
       PIN :   inst_controller/maq_bus/D_Push_int_reg_27_/RN
                                6.12           6.56          -0.44  (VIOLATED)
       PIN :   inst_controller/maq_bus/D_Push_int_reg_26_/RN
                                6.12           6.56          -0.44  (VIOLATED)
       PIN :   inst_controller/maq_bus/D_Push_int_reg_25_/RN
                                6.12           6.56          -0.44  (VIOLATED)
       PIN :   inst_controller/maq_bus/D_Push_int_reg_24_/RN
                                6.12           6.56          -0.44  (VIOLATED)
       PIN :   inst_controller/maq_bus/U92/Q
                                5.21           6.56          -1.35  (VIOLATED)
   inst_controller/maq_bus/n47
                                5.21           6.49          -1.28  (VIOLATED)
       PIN :   inst_controller/maq_bus/Dir_vrfr_bus_reg_1_/RN
                                6.12           6.49          -0.37  (VIOLATED)
       PIN :   inst_controller/maq_bus/dir_reg_18_/RN
                                6.12           6.49          -0.37  (VIOLATED)
       PIN :   inst_controller/maq_bus/dir_reg_19_/RN
                                6.12           6.49          -0.37  (VIOLATED)
       PIN :   inst_controller/maq_bus/dir_reg_20_/RN
                                6.12           6.49          -0.37  (VIOLATED)
       PIN :   inst_controller/maq_bus/dir_reg_21_/RN
                                6.12           6.49          -0.37  (VIOLATED)
       PIN :   inst_controller/maq_bus/dir_reg_22_/RN
                                6.12           6.49          -0.37  (VIOLATED)
       PIN :   inst_controller/maq_bus/Cod_vrfr_bus_reg_0_/RN
                                6.12           6.49          -0.37  (VIOLATED)
       PIN :   inst_controller/maq_bus/Cod_vrfr_bus_reg_1_/RN
                                6.12           6.49          -0.37  (VIOLATED)
       PIN :   inst_controller/maq_bus/Dir_vrfr_bus_reg_0_/RN
                                6.12           6.49          -0.37  (VIOLATED)
       PIN :   inst_controller/maq_bus/data_reg_14_/RN
                                6.12           6.49          -0.37  (VIOLATED)
       PIN :   inst_controller/maq_bus/data_reg_17_/RN
                                6.12           6.49          -0.37  (VIOLATED)
       PIN :   inst_controller/maq_bus/data_reg_27_/RN
                                6.12           6.49          -0.37  (VIOLATED)
       PIN :   inst_controller/maq_bus/dir_reg_13_/RN
                                6.12           6.49          -0.37  (VIOLATED)
       PIN :   inst_controller/maq_bus/dir_reg_14_/RN
                                6.12           6.49          -0.37  (VIOLATED)
       PIN :   inst_controller/maq_bus/dir_reg_15_/RN
                                6.12           6.49          -0.37  (VIOLATED)
       PIN :   inst_controller/maq_bus/dir_reg_16_/RN
                                6.12           6.49          -0.37  (VIOLATED)
       PIN :   inst_controller/maq_bus/dir_reg_17_/RN
                                6.12           6.49          -0.37  (VIOLATED)
       PIN :   inst_controller/maq_bus/D_Intr_bus_reg_41_/RN
                                6.12           6.49          -0.37  (VIOLATED)
       PIN :   inst_controller/maq_bus/D_Intr_bus_reg_43_/RN
                                6.12           6.49          -0.37  (VIOLATED)
       PIN :   inst_controller/maq_bus/D_Intr_bus_reg_51_/RN
                                6.12           6.49          -0.37  (VIOLATED)
       PIN :   inst_controller/maq_bus/Rqs_error_intr_bus_reg/RN
                                6.12           6.49          -0.37  (VIOLATED)
       PIN :   inst_controller/maq_bus/data_reg_1_/RN
                                6.12           6.49          -0.37  (VIOLATED)
       PIN :   inst_controller/maq_bus/data_reg_3_/RN
                                6.12           6.49          -0.37  (VIOLATED)
       PIN :   inst_controller/maq_bus/data_reg_9_/RN
                                6.12           6.49          -0.37  (VIOLATED)
       PIN :   inst_controller/maq_bus/data_reg_12_/RN
                                6.12           6.49          -0.37  (VIOLATED)
       PIN :   inst_controller/maq_bus/RW_Mem_bus_reg/RN
                                6.12           6.49          -0.37  (VIOLATED)
       PIN :   inst_controller/maq_bus/A_sys_bus_reg_5_/RN
                                6.12           6.49          -0.37  (VIOLATED)
       PIN :   inst_controller/maq_bus/D_sys_bus_reg_18_/RN
                                6.12           6.49          -0.37  (VIOLATED)
       PIN :   inst_controller/maq_bus/D_sys_bus_reg_8_/RN
                                6.12           6.49          -0.37  (VIOLATED)
       PIN :   inst_controller/maq_bus/D_Intr_bus_reg_33_/RN
                                6.12           6.49          -0.37  (VIOLATED)
       PIN :   inst_controller/maq_bus/D_Push_int_reg_62_/RN
                                6.12           6.49          -0.37  (VIOLATED)
       PIN :   inst_controller/maq_bus/D_Intr_bus_reg_58_/RN
                                6.12           6.49          -0.37  (VIOLATED)
       PIN :   inst_controller/maq_bus/U97/Q
                                5.21           6.49          -1.28  (VIOLATED)
   inst_controller/maq_core/n477
                                5.23           6.47          -1.24  (VIOLATED)
       PIN :   inst_controller/maq_core/U724/A
                                6.12           6.47          -0.35  (VIOLATED)
       PIN :   inst_controller/maq_core/U719/A
                                6.12           6.47          -0.35  (VIOLATED)
       PIN :   inst_controller/maq_core/U714/A
                                6.12           6.47          -0.35  (VIOLATED)
       PIN :   inst_controller/maq_core/U709/A
                                6.12           6.47          -0.35  (VIOLATED)
       PIN :   inst_controller/maq_core/U704/A
                                6.12           6.47          -0.35  (VIOLATED)
       PIN :   inst_controller/maq_core/U699/A
                                6.12           6.47          -0.35  (VIOLATED)
       PIN :   inst_controller/maq_core/U694/A
                                6.12           6.47          -0.35  (VIOLATED)
       PIN :   inst_controller/maq_core/U689/A
                                6.12           6.47          -0.35  (VIOLATED)
       PIN :   inst_controller/maq_core/U764/A
                                6.12           6.47          -0.35  (VIOLATED)
       PIN :   inst_controller/maq_core/U759/A
                                6.12           6.47          -0.35  (VIOLATED)
       PIN :   inst_controller/maq_core/U754/A
                                6.12           6.47          -0.35  (VIOLATED)
       PIN :   inst_controller/maq_core/U749/A
                                6.12           6.47          -0.35  (VIOLATED)
       PIN :   inst_controller/maq_core/U744/A
                                6.12           6.47          -0.35  (VIOLATED)
       PIN :   inst_controller/maq_core/U739/A
                                6.12           6.47          -0.35  (VIOLATED)
       PIN :   inst_controller/maq_core/U734/A
                                6.12           6.47          -0.35  (VIOLATED)
       PIN :   inst_controller/maq_core/U729/A
                                6.12           6.47          -0.35  (VIOLATED)
       PIN :   inst_controller/maq_core/U804/A
                                6.12           6.47          -0.35  (VIOLATED)
       PIN :   inst_controller/maq_core/U799/A
                                6.12           6.47          -0.35  (VIOLATED)
       PIN :   inst_controller/maq_core/U794/A
                                6.12           6.47          -0.35  (VIOLATED)
       PIN :   inst_controller/maq_core/U789/A
                                6.12           6.47          -0.35  (VIOLATED)
       PIN :   inst_controller/maq_core/U784/A
                                6.12           6.47          -0.35  (VIOLATED)
       PIN :   inst_controller/maq_core/U779/A
                                6.12           6.47          -0.35  (VIOLATED)
       PIN :   inst_controller/maq_core/U774/A
                                6.12           6.47          -0.35  (VIOLATED)
       PIN :   inst_controller/maq_core/U769/A
                                6.12           6.47          -0.35  (VIOLATED)
       PIN :   inst_controller/maq_core/U844/A
                                6.12           6.47          -0.35  (VIOLATED)
       PIN :   inst_controller/maq_core/U839/A
                                6.12           6.47          -0.35  (VIOLATED)
       PIN :   inst_controller/maq_core/U834/A
                                6.12           6.47          -0.35  (VIOLATED)
       PIN :   inst_controller/maq_core/U829/A
                                6.12           6.47          -0.35  (VIOLATED)
       PIN :   inst_controller/maq_core/U824/A
                                6.12           6.47          -0.35  (VIOLATED)
       PIN :   inst_controller/maq_core/U819/A
                                6.12           6.47          -0.35  (VIOLATED)
       PIN :   inst_controller/maq_core/U814/A
                                6.12           6.47          -0.35  (VIOLATED)
       PIN :   inst_controller/maq_core/U809/A
                                6.12           6.47          -0.35  (VIOLATED)
       PIN :   inst_controller/maq_core/U24/Q
                                5.23           6.47          -1.24  (VIOLATED)
   inst_controller/maq_core/gte_253/n297
                                5.43           6.62          -1.19  (VIOLATED)
       PIN :   inst_controller/maq_core/gte_253/U222/C
                                6.12           6.62          -0.51  (VIOLATED)
       PIN :   inst_controller/maq_core/gte_253/U225/Q
                                5.43           6.62          -1.19  (VIOLATED)
   inst_controller/maq_bus/n51
                                5.21           6.39          -1.18  (VIOLATED)
       PIN :   inst_controller/maq_bus/dir_reg_6_/RN
                                6.12           6.39          -0.28  (VIOLATED)
       PIN :   inst_controller/maq_bus/dir_reg_9_/RN
                                6.12           6.39          -0.28  (VIOLATED)
       PIN :   inst_controller/maq_bus/Dest_reg_7_/RN
                                6.12           6.39          -0.28  (VIOLATED)
       PIN :   inst_controller/maq_bus/data_reg_0_/RN
                                6.12           6.39          -0.28  (VIOLATED)
       PIN :   inst_controller/maq_bus/data_reg_2_/RN
                                6.12           6.39          -0.28  (VIOLATED)
       PIN :   inst_controller/maq_bus/data_reg_4_/RN
                                6.12           6.39          -0.28  (VIOLATED)
       PIN :   inst_controller/maq_bus/data_reg_8_/RN
                                6.12           6.39          -0.28  (VIOLATED)
       PIN :   inst_controller/maq_bus/data_reg_10_/RN
                                6.12           6.39          -0.28  (VIOLATED)
       PIN :   inst_controller/maq_bus/data_reg_29_/RN
                                6.12           6.39          -0.28  (VIOLATED)
       PIN :   inst_controller/maq_bus/dir_reg_2_/RN
                                6.12           6.39          -0.28  (VIOLATED)
       PIN :   inst_controller/maq_bus/D_Push_int_reg_28_/RN
                                6.12           6.39          -0.28  (VIOLATED)
       PIN :   inst_controller/maq_bus/D_Intr_bus_reg_0_/RN
                                6.12           6.39          -0.28  (VIOLATED)
       PIN :   inst_controller/maq_bus/D_Intr_bus_reg_1_/RN
                                6.12           6.39          -0.28  (VIOLATED)
       PIN :   inst_controller/maq_bus/D_Intr_bus_reg_6_/RN
                                6.12           6.39          -0.28  (VIOLATED)
       PIN :   inst_controller/maq_bus/D_Intr_bus_reg_12_/RN
                                6.12           6.39          -0.28  (VIOLATED)
       PIN :   inst_controller/maq_bus/Cod_op_reg_3_/RN
                                6.12           6.39          -0.28  (VIOLATED)
       PIN :   inst_controller/maq_bus/Dest_reg_0_/RN
                                6.12           6.39          -0.28  (VIOLATED)
       PIN :   inst_controller/maq_bus/Dest_reg_1_/RN
                                6.12           6.39          -0.28  (VIOLATED)
       PIN :   inst_controller/maq_bus/D_Push_int_reg_38_/RN
                                6.12           6.39          -0.28  (VIOLATED)
       PIN :   inst_controller/maq_bus/D_Push_int_reg_37_/RN
                                6.12           6.39          -0.28  (VIOLATED)
       PIN :   inst_controller/maq_bus/D_Push_int_reg_36_/RN
                                6.12           6.39          -0.28  (VIOLATED)
       PIN :   inst_controller/maq_bus/D_Push_int_reg_35_/RN
                                6.12           6.39          -0.28  (VIOLATED)
       PIN :   inst_controller/maq_bus/D_Push_int_reg_34_/RN
                                6.12           6.39          -0.28  (VIOLATED)
       PIN :   inst_controller/maq_bus/D_Push_int_reg_31_/RN
                                6.12           6.39          -0.28  (VIOLATED)
       PIN :   inst_controller/maq_bus/D_Push_int_reg_30_/RN
                                6.12           6.39          -0.28  (VIOLATED)
       PIN :   inst_controller/maq_bus/D_Push_int_reg_29_/RN
                                6.12           6.39          -0.28  (VIOLATED)
       PIN :   inst_controller/maq_bus/U97/A
                                6.12           6.39          -0.28  (VIOLATED)
       PIN :   inst_controller/maq_bus/D_Intr_bus_reg_55_/RN
                                6.12           6.39          -0.28  (VIOLATED)
       PIN :   inst_controller/maq_bus/D_Push_int_reg_43_/RN
                                6.12           6.39          -0.28  (VIOLATED)
       PIN :   inst_controller/maq_bus/D_Push_int_reg_42_/RN
                                6.12           6.39          -0.28  (VIOLATED)
       PIN :   inst_controller/maq_bus/D_Push_int_reg_41_/RN
                                6.12           6.39          -0.28  (VIOLATED)
       PIN :   inst_controller/maq_bus/D_Push_int_reg_40_/RN
                                6.12           6.39          -0.28  (VIOLATED)
       PIN :   inst_controller/maq_bus/D_Push_int_reg_39_/RN
                                6.12           6.39          -0.28  (VIOLATED)
       PIN :   inst_controller/maq_bus/U91/Q
                                5.21           6.39          -1.18  (VIOLATED)
   inst_controller/maq_core/n407
                                5.23           6.40          -1.17  (VIOLATED)
       PIN :   inst_controller/maq_core/U553/S
                                6.12           6.40          -0.28  (VIOLATED)
       PIN :   inst_controller/maq_core/U552/S
                                6.12           6.40          -0.28  (VIOLATED)
       PIN :   inst_controller/maq_core/U32/A
                                6.12           6.40          -0.28  (VIOLATED)
       PIN :   inst_controller/maq_core/U575/S
                                6.12           6.40          -0.28  (VIOLATED)
       PIN :   inst_controller/maq_core/U574/S
                                6.12           6.40          -0.28  (VIOLATED)
       PIN :   inst_controller/maq_core/U573/S
                                6.12           6.40          -0.28  (VIOLATED)
       PIN :   inst_controller/maq_core/U559/S
                                6.12           6.40          -0.28  (VIOLATED)
       PIN :   inst_controller/maq_core/U558/S
                                6.12           6.40          -0.28  (VIOLATED)
       PIN :   inst_controller/maq_core/U557/S
                                6.12           6.40          -0.28  (VIOLATED)
       PIN :   inst_controller/maq_core/U555/S
                                6.12           6.40          -0.28  (VIOLATED)
       PIN :   inst_controller/maq_core/U554/S
                                6.12           6.40          -0.28  (VIOLATED)
       PIN :   inst_controller/maq_core/U583/S
                                6.12           6.40          -0.28  (VIOLATED)
       PIN :   inst_controller/maq_core/U582/S
                                6.12           6.40          -0.28  (VIOLATED)
       PIN :   inst_controller/maq_core/U581/S
                                6.12           6.40          -0.28  (VIOLATED)
       PIN :   inst_controller/maq_core/U580/S
                                6.12           6.40          -0.28  (VIOLATED)
       PIN :   inst_controller/maq_core/U579/S
                                6.12           6.40          -0.28  (VIOLATED)
       PIN :   inst_controller/maq_core/U577/S
                                6.12           6.40          -0.28  (VIOLATED)
       PIN :   inst_controller/maq_core/U576/S
                                6.12           6.40          -0.28  (VIOLATED)
       PIN :   inst_controller/maq_core/U584/Q
                                5.23           6.40          -1.17  (VIOLATED)
   inst_controller/maq_core/n480
                                5.23           6.38          -1.16  (VIOLATED)
       PIN :   inst_controller/maq_core/U690/D
                                6.12           6.38          -0.27  (VIOLATED)
       PIN :   inst_controller/maq_core/U730/D
                                6.12           6.38          -0.27  (VIOLATED)
       PIN :   inst_controller/maq_core/U725/D
                                6.12           6.38          -0.27  (VIOLATED)
       PIN :   inst_controller/maq_core/U720/D
                                6.12           6.38          -0.27  (VIOLATED)
       PIN :   inst_controller/maq_core/U715/D
                                6.12           6.38          -0.27  (VIOLATED)
       PIN :   inst_controller/maq_core/U710/D
                                6.12           6.38          -0.27  (VIOLATED)
       PIN :   inst_controller/maq_core/U705/D
                                6.12           6.38          -0.27  (VIOLATED)
       PIN :   inst_controller/maq_core/U700/D
                                6.12           6.38          -0.27  (VIOLATED)
       PIN :   inst_controller/maq_core/U695/D
                                6.12           6.38          -0.27  (VIOLATED)
       PIN :   inst_controller/maq_core/U770/D
                                6.12           6.38          -0.27  (VIOLATED)
       PIN :   inst_controller/maq_core/U765/D
                                6.12           6.38          -0.27  (VIOLATED)
       PIN :   inst_controller/maq_core/U760/D
                                6.12           6.38          -0.27  (VIOLATED)
       PIN :   inst_controller/maq_core/U755/D
                                6.12           6.38          -0.27  (VIOLATED)
       PIN :   inst_controller/maq_core/U750/D
                                6.12           6.38          -0.27  (VIOLATED)
       PIN :   inst_controller/maq_core/U745/D
                                6.12           6.38          -0.27  (VIOLATED)
       PIN :   inst_controller/maq_core/U740/D
                                6.12           6.38          -0.27  (VIOLATED)
       PIN :   inst_controller/maq_core/U735/D
                                6.12           6.38          -0.27  (VIOLATED)
       PIN :   inst_controller/maq_core/U810/D
                                6.12           6.38          -0.27  (VIOLATED)
       PIN :   inst_controller/maq_core/U805/D
                                6.12           6.38          -0.27  (VIOLATED)
       PIN :   inst_controller/maq_core/U800/D
                                6.12           6.38          -0.27  (VIOLATED)
       PIN :   inst_controller/maq_core/U795/D
                                6.12           6.38          -0.27  (VIOLATED)
       PIN :   inst_controller/maq_core/U790/D
                                6.12           6.38          -0.27  (VIOLATED)
       PIN :   inst_controller/maq_core/U785/D
                                6.12           6.38          -0.27  (VIOLATED)
       PIN :   inst_controller/maq_core/U780/D
                                6.12           6.38          -0.27  (VIOLATED)
       PIN :   inst_controller/maq_core/U775/D
                                6.12           6.38          -0.27  (VIOLATED)
       PIN :   inst_controller/maq_core/U846/D
                                6.12           6.38          -0.27  (VIOLATED)
       PIN :   inst_controller/maq_core/U840/D
                                6.12           6.38          -0.27  (VIOLATED)
       PIN :   inst_controller/maq_core/U835/D
                                6.12           6.38          -0.27  (VIOLATED)
       PIN :   inst_controller/maq_core/U830/D
                                6.12           6.38          -0.27  (VIOLATED)
       PIN :   inst_controller/maq_core/U825/D
                                6.12           6.38          -0.27  (VIOLATED)
       PIN :   inst_controller/maq_core/U820/D
                                6.12           6.38          -0.27  (VIOLATED)
       PIN :   inst_controller/maq_core/U815/D
                                6.12           6.38          -0.27  (VIOLATED)
       PIN :   inst_controller/maq_core/U847/Q
                                5.23           6.38          -1.16  (VIOLATED)
   inst_controller/maq_core/n418
                                5.30           6.37          -1.07  (VIOLATED)
       PIN :   inst_controller/maq_core/U603/A
                                6.12           6.37          -0.25  (VIOLATED)
       PIN :   inst_controller/maq_core/U611/A
                                6.12           6.37          -0.25  (VIOLATED)
       PIN :   inst_controller/maq_core/U610/A
                                6.12           6.37          -0.25  (VIOLATED)
       PIN :   inst_controller/maq_core/U609/A
                                6.12           6.37          -0.25  (VIOLATED)
       PIN :   inst_controller/maq_core/U608/A
                                6.12           6.37          -0.25  (VIOLATED)
       PIN :   inst_controller/maq_core/U607/A
                                6.12           6.37          -0.25  (VIOLATED)
       PIN :   inst_controller/maq_core/U606/A
                                6.12           6.37          -0.25  (VIOLATED)
       PIN :   inst_controller/maq_core/U605/A
                                6.12           6.37          -0.25  (VIOLATED)
       PIN :   inst_controller/maq_core/U604/A
                                6.12           6.37          -0.25  (VIOLATED)
       PIN :   inst_controller/maq_core/U619/A
                                6.12           6.37          -0.25  (VIOLATED)
       PIN :   inst_controller/maq_core/U618/A
                                6.12           6.37          -0.25  (VIOLATED)
       PIN :   inst_controller/maq_core/U617/A
                                6.12           6.37          -0.25  (VIOLATED)
       PIN :   inst_controller/maq_core/U616/A
                                6.12           6.37          -0.25  (VIOLATED)
       PIN :   inst_controller/maq_core/U615/A
                                6.12           6.37          -0.25  (VIOLATED)
       PIN :   inst_controller/maq_core/U614/A
                                6.12           6.37          -0.25  (VIOLATED)
       PIN :   inst_controller/maq_core/U613/A
                                6.12           6.37          -0.25  (VIOLATED)
       PIN :   inst_controller/maq_core/U612/A
                                6.12           6.37          -0.25  (VIOLATED)
       PIN :   inst_controller/maq_core/U627/A
                                6.12           6.37          -0.25  (VIOLATED)
       PIN :   inst_controller/maq_core/U626/A
                                6.12           6.37          -0.25  (VIOLATED)
       PIN :   inst_controller/maq_core/U625/A
                                6.12           6.37          -0.25  (VIOLATED)
       PIN :   inst_controller/maq_core/U624/A
                                6.12           6.37          -0.25  (VIOLATED)
       PIN :   inst_controller/maq_core/U623/A
                                6.12           6.37          -0.25  (VIOLATED)
       PIN :   inst_controller/maq_core/U622/A
                                6.12           6.37          -0.25  (VIOLATED)
       PIN :   inst_controller/maq_core/U621/A
                                6.12           6.37          -0.25  (VIOLATED)
       PIN :   inst_controller/maq_core/U620/A
                                6.12           6.37          -0.25  (VIOLATED)
       PIN :   inst_controller/maq_core/U634/A
                                6.12           6.37          -0.25  (VIOLATED)
       PIN :   inst_controller/maq_core/U633/A
                                6.12           6.37          -0.25  (VIOLATED)
       PIN :   inst_controller/maq_core/U632/A
                                6.12           6.37          -0.25  (VIOLATED)
       PIN :   inst_controller/maq_core/U631/A
                                6.12           6.37          -0.25  (VIOLATED)
       PIN :   inst_controller/maq_core/U630/A
                                6.12           6.37          -0.25  (VIOLATED)
       PIN :   inst_controller/maq_core/U629/A
                                6.12           6.37          -0.25  (VIOLATED)
       PIN :   inst_controller/maq_core/U628/A
                                6.12           6.37          -0.25  (VIOLATED)
       PIN :   inst_controller/maq_core/U635/Q
                                5.30           6.37          -1.07  (VIOLATED)
   inst_controller/maq_bus/n22
                                5.30           6.26          -0.96  (VIOLATED)
       PIN :   inst_controller/maq_bus/U27/C
                                6.12           6.26          -0.14  (VIOLATED)
       PIN :   inst_controller/maq_bus/U21/C
                                6.12           6.26          -0.14  (VIOLATED)
       PIN :   inst_controller/maq_bus/U19/C
                                6.12           6.26          -0.14  (VIOLATED)
       PIN :   inst_controller/maq_bus/U18/C
                                6.12           6.26          -0.14  (VIOLATED)
       PIN :   inst_controller/maq_bus/U17/C
                                6.12           6.26          -0.14  (VIOLATED)
       PIN :   inst_controller/maq_bus/U55/D
                                6.12           6.26          -0.14  (VIOLATED)
       PIN :   inst_controller/maq_bus/U54/D
                                6.12           6.26          -0.14  (VIOLATED)
       PIN :   inst_controller/maq_bus/U47/D
                                6.12           6.26          -0.14  (VIOLATED)
       PIN :   inst_controller/maq_bus/U44/D
                                6.12           6.26          -0.14  (VIOLATED)
       PIN :   inst_controller/maq_bus/U42/D
                                6.12           6.26          -0.14  (VIOLATED)
       PIN :   inst_controller/maq_bus/U40/D
                                6.12           6.26          -0.14  (VIOLATED)
       PIN :   inst_controller/maq_bus/U38/D
                                6.12           6.26          -0.14  (VIOLATED)
       PIN :   inst_controller/maq_bus/U36/D
                                6.12           6.26          -0.14  (VIOLATED)
       PIN :   inst_controller/maq_bus/U99/A
                                6.12           6.26          -0.14  (VIOLATED)
       PIN :   inst_controller/maq_bus/U70/D
                                6.12           6.26          -0.14  (VIOLATED)
       PIN :   inst_controller/maq_bus/U60/D
                                6.12           6.26          -0.14  (VIOLATED)
       PIN :   inst_controller/maq_bus/U59/D
                                6.12           6.26          -0.14  (VIOLATED)
       PIN :   inst_controller/maq_bus/U58/D
                                6.12           6.26          -0.14  (VIOLATED)
       PIN :   inst_controller/maq_bus/U57/D
                                6.12           6.26          -0.14  (VIOLATED)
       PIN :   inst_controller/maq_bus/U56/D
                                6.12           6.26          -0.14  (VIOLATED)
       PIN :   inst_controller/maq_bus/U105/Q
                                5.30           6.26          -0.96  (VIOLATED)
   inst_controller/error_manejador/n5
                                5.21           6.09          -0.88  (VIOLATED)
       PIN :   inst_controller/error_manejador/U158/Q
                                5.21           6.09          -0.88  (VIOLATED)
   inst_controller/maq_core/n419
                                5.30           6.15          -0.85  (VIOLATED)
       PIN :   inst_controller/maq_core/U610/D
                                6.12           6.15          -0.03  (VIOLATED)
       PIN :   inst_controller/maq_core/U609/D
                                6.12           6.15          -0.03  (VIOLATED)
       PIN :   inst_controller/maq_core/U608/D
                                6.12           6.15          -0.03  (VIOLATED)
       PIN :   inst_controller/maq_core/U607/D
                                6.12           6.15          -0.03  (VIOLATED)
       PIN :   inst_controller/maq_core/U606/D
                                6.12           6.15          -0.03  (VIOLATED)
       PIN :   inst_controller/maq_core/U605/D
                                6.12           6.15          -0.03  (VIOLATED)
       PIN :   inst_controller/maq_core/U604/D
                                6.12           6.15          -0.03  (VIOLATED)
       PIN :   inst_controller/maq_core/U603/D
                                6.12           6.15          -0.03  (VIOLATED)
       PIN :   inst_controller/maq_core/U618/D
                                6.12           6.15          -0.03  (VIOLATED)
       PIN :   inst_controller/maq_core/U617/D
                                6.12           6.15          -0.03  (VIOLATED)
       PIN :   inst_controller/maq_core/U616/D
                                6.12           6.15          -0.03  (VIOLATED)
       PIN :   inst_controller/maq_core/U615/D
                                6.12           6.15          -0.03  (VIOLATED)
       PIN :   inst_controller/maq_core/U614/D
                                6.12           6.15          -0.03  (VIOLATED)
       PIN :   inst_controller/maq_core/U613/D
                                6.12           6.15          -0.03  (VIOLATED)
       PIN :   inst_controller/maq_core/U612/D
                                6.12           6.15          -0.03  (VIOLATED)
       PIN :   inst_controller/maq_core/U611/D
                                6.12           6.15          -0.03  (VIOLATED)
       PIN :   inst_controller/maq_core/U626/D
                                6.12           6.15          -0.03  (VIOLATED)
       PIN :   inst_controller/maq_core/U625/D
                                6.12           6.15          -0.03  (VIOLATED)
       PIN :   inst_controller/maq_core/U624/D
                                6.12           6.15          -0.03  (VIOLATED)
       PIN :   inst_controller/maq_core/U623/D
                                6.12           6.15          -0.03  (VIOLATED)
       PIN :   inst_controller/maq_core/U622/D
                                6.12           6.15          -0.03  (VIOLATED)
       PIN :   inst_controller/maq_core/U621/D
                                6.12           6.15          -0.03  (VIOLATED)
       PIN :   inst_controller/maq_core/U620/D
                                6.12           6.15          -0.03  (VIOLATED)
       PIN :   inst_controller/maq_core/U619/D
                                6.12           6.15          -0.03  (VIOLATED)
       PIN :   inst_controller/maq_core/U634/D
                                6.12           6.15          -0.03  (VIOLATED)
       PIN :   inst_controller/maq_core/U633/D
                                6.12           6.15          -0.03  (VIOLATED)
       PIN :   inst_controller/maq_core/U632/D
                                6.12           6.15          -0.03  (VIOLATED)
       PIN :   inst_controller/maq_core/U631/D
                                6.12           6.15          -0.03  (VIOLATED)
       PIN :   inst_controller/maq_core/U630/D
                                6.12           6.15          -0.03  (VIOLATED)
       PIN :   inst_controller/maq_core/U629/D
                                6.12           6.15          -0.03  (VIOLATED)
       PIN :   inst_controller/maq_core/U628/D
                                6.12           6.15          -0.03  (VIOLATED)
       PIN :   inst_controller/maq_core/U627/D
                                6.12           6.15          -0.03  (VIOLATED)
       PIN :   inst_controller/maq_core/U40/Q
                                5.30           6.15          -0.85  (VIOLATED)
   inst_controller/maq_core/gte_253/n260
                                5.51           6.32          -0.81  (VIOLATED)
       PIN :   inst_controller/maq_core/gte_253/U192/A
                                6.12           6.32          -0.20  (VIOLATED)
       PIN :   inst_controller/maq_core/gte_253/U222/Q
                                5.51           6.32          -0.81  (VIOLATED)
   inst_controller/error_manejador/n4
                                5.22           6.02          -0.80  (VIOLATED)
       PIN :   inst_controller/error_manejador/U159/Q
                                5.22           6.02          -0.80  (VIOLATED)
   inst_controller/maq_core/n69
                                5.21           6.00          -0.79  (VIOLATED)
       PIN :   inst_controller/maq_core/U10/Q
                                5.21           6.00          -0.79  (VIOLATED)
   data_read[4]                 5.15           5.81          -0.66  (VIOLATED)
       PIN :   inst_controller/maq_core/Data_Read_core_reg_4_/Q
                                5.15           5.81          -0.66  (VIOLATED)
   inst_controller/fifo_int/u_dp__2___dp3__D_reg/n2
                                5.21           5.86          -0.65  (VIOLATED)
       PIN :   inst_controller/fifo_int/u_dp__2___dp3__D_reg/U1/Q
                                5.21           5.86          -0.65  (VIOLATED)
   inst_controller/maq_core/n402
                                5.23           5.82          -0.59  (VIOLATED)
       PIN :   inst_controller/maq_core/U518/Q
                                5.23           5.82          -0.59  (VIOLATED)
   inst_controller/maq_core/n38
                                5.31           5.86          -0.54  (VIOLATED)
       PIN :   inst_controller/maq_core/U16/Q
                                5.31           5.86          -0.54  (VIOLATED)
   inst_controller/n38          5.32           5.84          -0.52  (VIOLATED)
       PIN :   inst_controller/U41/Q
                                5.32           5.84          -0.52  (VIOLATED)
   inst_controller/maq_core/n475
                                5.23           5.65          -0.42  (VIOLATED)
       PIN :   inst_controller/maq_core/U25/Q
                                5.23           5.65          -0.42  (VIOLATED)
   inst_controller/maq_core/n479
                                5.30           5.72          -0.42  (VIOLATED)
       PIN :   inst_controller/maq_core/U41/Q
                                5.30           5.72          -0.42  (VIOLATED)
   inst_controller/error_manejador/n82
                                5.31           5.72          -0.41  (VIOLATED)
       PIN :   inst_controller/error_manejador/U153/Q
                                5.31           5.72          -0.41  (VIOLATED)
   inst_controller/maq_core/n481
                                5.30           5.71          -0.41  (VIOLATED)
       PIN :   inst_controller/maq_core/U42/Q
                                5.30           5.71          -0.41  (VIOLATED)
   data_read[19]                5.15           5.49          -0.34  (VIOLATED)
       PIN :   inst_controller/maq_core/Data_Read_core_reg_19_/Q
                                5.15           5.49          -0.34  (VIOLATED)
   inst_controller/error_manejador/n1
                                5.30           5.62          -0.32  (VIOLATED)
       PIN :   inst_controller/error_manejador/U161/Q
                                5.30           5.62          -0.32  (VIOLATED)
   data_read[3]                 5.15           5.47          -0.31  (VIOLATED)
       PIN :   inst_controller/maq_core/Data_Read_core_reg_3_/Q
                                5.15           5.47          -0.31  (VIOLATED)
   inst_controller/maq_bus/n46
                                5.21           5.44          -0.23  (VIOLATED)
       PIN :   inst_controller/maq_bus/U96/Q
                                5.21           5.44          -0.23  (VIOLATED)
   data_read[17]                5.15           5.38          -0.22  (VIOLATED)
       PIN :   inst_controller/maq_core/Data_Read_core_reg_17_/Q
                                5.15           5.38          -0.22  (VIOLATED)
   data_read[2]                 5.15           5.30          -0.15  (VIOLATED)
       PIN :   inst_controller/maq_core/Data_Read_core_reg_2_/Q
                                5.15           5.30          -0.15  (VIOLATED)
   data_read[0]                 5.15           5.27          -0.12  (VIOLATED)
       PIN :   inst_controller/maq_core/Data_Read_core_reg_0_/Q
                                5.15           5.27          -0.12  (VIOLATED)
   data_read[5]                 5.15           5.27          -0.11  (VIOLATED)
       PIN :   inst_controller/maq_core/Data_Read_core_reg_5_/Q
                                5.15           5.27          -0.11  (VIOLATED)
   inst_controller/fifo_int/u_dp__1___dp3__D_reg/n1
                                5.21           5.30          -0.09  (VIOLATED)
       PIN :   inst_controller/fifo_int/u_dp__1___dp3__D_reg/U2/Q
                                5.21           5.30          -0.09  (VIOLATED)
   data_read[15]                5.15           5.24          -0.08  (VIOLATED)
       PIN :   inst_controller/maq_core/Data_Read_core_reg_15_/Q
                                5.15           5.24          -0.08  (VIOLATED)
   inst_controller/maq_core/n375
                                5.30           5.37          -0.07  (VIOLATED)
       PIN :   inst_controller/maq_core/U1386/Q
                                5.30           5.37          -0.07  (VIOLATED)
   inst_controller/fifo_int/n20
                                5.40           5.45          -0.05  (VIOLATED)
       PIN :   inst_controller/fifo_int/U105/Q
                                5.40           5.45          -0.05  (VIOLATED)
   data_read[21]                5.15           5.19          -0.04  (VIOLATED)
       PIN :   inst_controller/maq_core/Data_Read_core_reg_21_/Q
                                5.15           5.19          -0.04  (VIOLATED)

   -----------------------------------------------------------------
   Total                      91               -163.65  

   max_capacitance

                             Required        Actual
   Net                      Capacitance    Capacitance       Slack
   -----------------------------------------------------------------
   reset                        0.34           0.56          -0.22  (VIOLATED)
   inst_controller/maq_core/lt_89_G5/n1310
                                0.10           0.30          -0.19  (VIOLATED)
   inst_controller/maq_core/n75
                                0.31           0.50          -0.19  (VIOLATED)
   inst_controller/maq_core/n65
                                0.35           0.52          -0.17  (VIOLATED)
   inst_controller/Watch_DG_Counter/n4
                                0.31           0.48          -0.17  (VIOLATED)
   inst_controller/maq_core/n73
                                0.35           0.51          -0.16  (VIOLATED)
   d_push[2]                    0.16           0.33          -0.16  (VIOLATED)
   inst_controller/maq_core/n74
                                0.35           0.51          -0.16  (VIOLATED)
   inst_controller/maq_core/n62
                                0.35           0.51          -0.16  (VIOLATED)
   inst_controller/maq_bus/n75
                                0.35           0.50          -0.15  (VIOLATED)
   inst_controller/maq_core/n72
                                0.35           0.50          -0.15  (VIOLATED)
   inst_controller/n7           0.31           0.46          -0.15  (VIOLATED)
   inst_controller/maq_core/N92
                                0.15           0.29          -0.14  (VIOLATED)
   inst_controller/maq_bus/n88
                                0.31           0.45          -0.14  (VIOLATED)
   inst_controller/n6           0.31           0.45          -0.14  (VIOLATED)
   inst_controller/maq_core/n371
                                0.30           0.43          -0.13  (VIOLATED)
   inst_controller/maq_core/n286
                                0.16           0.29          -0.13  (VIOLATED)
   d_push[1]                    0.16           0.30          -0.13  (VIOLATED)
   inst_controller/maq_core/n71
                                0.35           0.47          -0.12  (VIOLATED)
   d_push[5]                    0.16           0.28          -0.12  (VIOLATED)
   inst_controller/fifo_int/n19
                                0.11           0.22          -0.12  (VIOLATED)
   inst_controller/boot_rdy     0.34           0.45          -0.11  (VIOLATED)
   inst_controller/maq_core/n37
                                0.31           0.42          -0.11  (VIOLATED)
   inst_controller/maq_bus/n40
                                0.35           0.45          -0.11  (VIOLATED)
   d_push[9]                    0.16           0.27          -0.11  (VIOLATED)
   inst_controller/push_int     0.34           0.45          -0.11  (VIOLATED)
   inst_controller/maq_bus/n53
                                0.16           0.26          -0.11  (VIOLATED)
   d_push[0]                    0.16           0.27          -0.10  (VIOLATED)
   inst_controller/maq_core/n63
                                0.35           0.45          -0.10  (VIOLATED)
   inst_controller/maq_core/n67
                                0.35           0.45          -0.10  (VIOLATED)
   inst_controller/maq_bus/n52
                                0.16           0.26          -0.10  (VIOLATED)
   d_push[8]                    0.16           0.26          -0.10  (VIOLATED)
   inst_controller/maq_bus/n62
                                0.35           0.44          -0.09  (VIOLATED)
   inst_controller/maq_core/gte_253/n264
                                0.16           0.25          -0.09  (VIOLATED)
   inst_controller/rdy_bus      0.16           0.24          -0.09  (VIOLATED)
   d_push[4]                    0.16           0.25          -0.09  (VIOLATED)
   inst_controller/maq_core/n66
                                0.35           0.43          -0.08  (VIOLATED)
   d_push[10]                   0.16           0.24          -0.08  (VIOLATED)
   inst_controller/rdy_core     0.16           0.24          -0.08  (VIOLATED)
   d_push[7]                    0.16           0.24          -0.08  (VIOLATED)
   inst_controller/maq_bus/n20
                                0.16           0.24          -0.08  (VIOLATED)
   inst_controller/maq_core/n64
                                0.35           0.42          -0.08  (VIOLATED)
   inst_controller/maq_bus/n60
                                0.35           0.42          -0.08  (VIOLATED)
   address[28]                  0.34           0.42          -0.08  (VIOLATED)
   inst_controller/maq_bus/n85
                                0.35           0.42          -0.08  (VIOLATED)
   inst_controller/maq_bus/n30
                                0.16           0.23          -0.08  (VIOLATED)
   inst_controller/fifo_int/u_dp__2___dp3__D_reg/n1
                                0.35           0.42          -0.07  (VIOLATED)
   d_push[11]                   0.16           0.23          -0.07  (VIOLATED)
   d_push[6]                    0.16           0.23          -0.07  (VIOLATED)
   inst_controller/maq_bus/n73
                                0.35           0.42          -0.07  (VIOLATED)
   inst_controller/maq_bus/n31
                                0.16           0.23          -0.07  (VIOLATED)
   inst_controller/maq_core/n377
                                0.16           0.22          -0.07  (VIOLATED)
   inst_controller/maq_core/n68
                                0.35           0.41          -0.06  (VIOLATED)
   inst_controller/maq_core/n478
                                0.16           0.22          -0.06  (VIOLATED)
   inst_controller/maq_bus/n56
                                0.35           0.41          -0.06  (VIOLATED)
   inst_controller/n2           0.35           0.41          -0.06  (VIOLATED)
   inst_controller/maq_bus/n47
                                0.35           0.40          -0.06  (VIOLATED)
   address[31]                  0.34           0.40          -0.06  (VIOLATED)
   inst_controller/fifo_int/u_dp__1___dp3__D_reg/n2
                                0.35           0.40          -0.06  (VIOLATED)
   d_push[3]                    0.16           0.22          -0.05  (VIOLATED)
   inst_controller/maq_bus/n51
                                0.35           0.40          -0.05  (VIOLATED)
   address[19]                  0.34           0.39          -0.05  (VIOLATED)
   inst_controller/n38          0.31           0.36          -0.05  (VIOLATED)
   address[27]                  0.34           0.39          -0.05  (VIOLATED)
   data_read[4]                 0.34           0.39          -0.04  (VIOLATED)
   address[29]                  0.34           0.39          -0.04  (VIOLATED)
   inst_controller/maq_core/n418
                                0.16           0.20          -0.04  (VIOLATED)
   inst_controller/error_manejador/n5
                                0.35           0.38          -0.04  (VIOLATED)
   inst_controller/maq_core/gte_253/n297
                                0.11           0.14          -0.04  (VIOLATED)
   address[18]                  0.34           0.38          -0.04  (VIOLATED)
   inst_controller/maq_bus/n22
                                0.16           0.19          -0.03  (VIOLATED)
   address[26]                  0.34           0.38          -0.03  (VIOLATED)
   address[25]                  0.34           0.37          -0.03  (VIOLATED)
   inst_controller/maq_core/n477
                                0.16           0.19          -0.03  (VIOLATED)
   inst_controller/maq_core/n419
                                0.16           0.19          -0.03  (VIOLATED)
   inst_controller/maq_core/gte_253/n260
                                0.10           0.13          -0.03  (VIOLATED)
   address[22]                  0.34           0.37          -0.03  (VIOLATED)
   address[21]                  0.34           0.37          -0.03  (VIOLATED)
   address[13]                  0.34           0.37          -0.03  (VIOLATED)
   address[12]                  0.34           0.37          -0.03  (VIOLATED)
   inst_controller/maq_core/n69
                                0.35           0.37          -0.03  (VIOLATED)
   address[15]                  0.34           0.37          -0.02  (VIOLATED)
   data_read[19]                0.34           0.37          -0.02  (VIOLATED)
   inst_controller/maq_core/n480
                                0.16           0.18          -0.02  (VIOLATED)
   data_read[3]                 0.34           0.36          -0.02  (VIOLATED)
   inst_controller/maq_core/n38
                                0.31           0.33          -0.02  (VIOLATED)
   inst_controller/error_manejador/n1
                                0.16           0.17          -0.02  (VIOLATED)
   address[8]                   0.34           0.36          -0.02  (VIOLATED)
   address[20]                  0.34           0.36          -0.02  (VIOLATED)
   inst_controller/n4           0.31           0.33          -0.02  (VIOLATED)
   address[4]                   0.34           0.36          -0.02  (VIOLATED)
   inst_controller/maq_core/n479
                                0.16           0.17          -0.02  (VIOLATED)
   address[11]                  0.34           0.36          -0.02  (VIOLATED)
   data_read[17]                0.34           0.36          -0.02  (VIOLATED)
   inst_controller/error_manejador/n82
                                0.31           0.33          -0.02  (VIOLATED)
   address[14]                  0.34           0.36          -0.01  (VIOLATED)
   address[16]                  0.34           0.35          -0.01  (VIOLATED)
   inst_controller/maq_core/n481
                                0.16           0.17          -0.01  (VIOLATED)
   data_read[2]                 0.34           0.35          -0.01  (VIOLATED)
   inst_controller/maq_core/n733
                                0.31           0.32          -0.01  (VIOLATED)
   inst_controller/maq_core/n407
                                0.16           0.17          -0.01  (VIOLATED)
   data_read[0]                 0.34           0.35          -0.01  (VIOLATED)
   data_read[5]                 0.34           0.35          -0.01  (VIOLATED)
   address[30]                  0.34           0.35          -0.01  (VIOLATED)
   address[23]                  0.34           0.35          -0.01  (VIOLATED)
   inst_controller/maq_core/n475
                                0.16           0.17          -0.01  (VIOLATED)
   address[17]                  0.34           0.35          -0.01  (VIOLATED)
   inst_controller/error_manejador/n4
                                0.35           0.35          -0.01  (VIOLATED)
   data_read[15]                0.34           0.35          -0.01  (VIOLATED)
   address[24]                  0.34           0.35           0.00  (VIOLATED: increase significant digits)
   data_read[21]                0.34           0.35           0.00  (VIOLATED: increase significant digits)
   inst_controller/fifo_int/n20
                                0.11           0.11           0.00  (VIOLATED: increase significant digits)

   -----------------------------------------------------------------
   Total                      112                -7.57  

   max_area

                             Required        Actual
   Design                      Area           Area           Slack
   -----------------------------------------------------------------
   CMB                          0.00       637909.19      -637909.19
                                                                    (VIOLATED)


1
